과목명,학수번호,분반,학점,담당교수,강의시간,종류,영역,combined
한국어읽기1,0ARG1108,1,2.0,김승자,목1~2,일반교양,1.0,한국어읽기1 / 0ARG1108 / 1 / 2.0 / 김승자 / 목1~2 / 일반교양 / 1.0
한중비즈니스언어예절비교,0ARB6445,2,2.0,박수연,수7~8,일반교양,1.0,한중비즈니스언어예절비교 / 0ARB6445 / 2 / 2.0 / 박수연 / 수7~8 / 일반교양 / 1.0
성서와기독교정신,0ARB1100,7,2.0,김성열,화6~7,일반교양,1.0,성서와기독교정신 / 0ARB1100 / 7 / 2.0 / 김성열 / 화6~7 / 일반교양 / 1.0
실용생활중국어,0ARB5660,7,2.0,슈메이,수5~6,일반교양,1.0,실용생활중국어 / 0ARB5660 / 7 / 2.0 / 슈메이 / 수5~6 / 일반교양 / 1.0
기초중국어,0ARB5680,7,2.0,치아오 춘옌,목1~2,일반교양,1.0,기초중국어 / 0ARB5680 / 7 / 2.0 / 치아오 춘옌 / 목1~2 / 일반교양 / 1.0
취업중국어,0ARB5685,7,2.0,치아오 춘옌,목3~4,일반교양,1.0,취업중국어 / 0ARB5685 / 7 / 2.0 / 치아오 춘옌 / 목3~4 / 일반교양 / 1.0
초급영작문,0ARB5720,7,2.0,알렉산더,화3~4,일반교양,1.0,초급영작문 / 0ARB5720 / 7 / 2.0 / 알렉산더 / 화3~4 / 일반교양 / 1.0
초급생활독일어,0ARG1051,7,2.0,문윤덕,월2~3,일반교양,1.0,초급생활독일어 / 0ARG1051 / 7 / 2.0 / 문윤덕 / 월2~3 / 일반교양 / 1.0
한국사,0ARB0205,7,2.0,노혜경,목1~2,일반교양,1.0,한국사 / 0ARB0205 / 7 / 2.0 / 노혜경 / 목1~2 / 일반교양 / 1.0
영화분석과리뷰,0ARG1023,7,2.0,강만진,화2~3,일반교양,1.0,영화분석과리뷰 / 0ARG1023 / 7 / 2.0 / 강만진 / 화2~3 / 일반교양 / 1.0
현대미술과애니메이션,0ARG1049,7,2.0,김윤경,목5~6,일반교양,1.0,현대미술과애니메이션 / 0ARG1049 / 7 / 2.0 / 김윤경 / 목5~6 / 일반교양 / 1.0
전쟁과인간,0ARG1061,7,2.0,노혜경,목3~4,일반교양,1.0,전쟁과인간 / 0ARG1061 / 7 / 2.0 / 노혜경 / 목3~4 / 일반교양 / 1.0
예술과생활,0ARG1066,7,2.0,안은재,목5~6,일반교양,1.0,예술과생활 / 0ARG1066 / 7 / 2.0 / 안은재 / 목5~6 / 일반교양 / 1.0
에어로빅댄스와유산소운동이해,0ARG1089,7,2.0,이경주,월5~6,일반교양,1.0,에어로빅댄스와유산소운동이해 / 0ARG1089 / 7 / 2.0 / 이경주 / 월5~6 / 일반교양 / 1.0
영어미디어비판적담론,0ARG1098,7,2.0,사무엘,수5~6,일반교양,1.0,영어미디어비판적담론 / 0ARG1098 / 7 / 2.0 / 사무엘 / 수5~6 / 일반교양 / 1.0
한국음악과문화,0ARG1119,7,2.0,권도희,수1~2,일반교양,1.0,한국음악과문화 / 0ARG1119 / 7 / 2.0 / 권도희 / 수1~2 / 일반교양 / 1.0
알기쉬운인간의이해,0ARG1136,7,2.0,이만수,목3~4,일반교양,1.0,알기쉬운인간의이해 / 0ARG1136 / 7 / 2.0 / 이만수 / 목3~4 / 일반교양 / 1.0
폭력과범죄예방호신술,0ARG1151,7,2.0,김의영,수1~2,일반교양,1.0,폭력과범죄예방호신술 / 0ARG1151 / 7 / 2.0 / 김의영 / 수1~2 / 일반교양 / 1.0
심신균형미학과요가필라,0ARG1152,7,2.0,이경주,월7~8,일반교양,1.0,심신균형미학과요가필라 / 0ARG1152 / 7 / 2.0 / 이경주 / 월7~8 / 일반교양 / 1.0
중국음악예술의이해,0ARG1155,7,2.0,권도희,화3~4,일반교양,1.0,중국음악예술의이해 / 0ARG1155 / 7 / 2.0 / 권도희 / 화3~4 / 일반교양 / 1.0
한국고전시가의산책,0ARG1249,7,2.0,이정선,화5~6,일반교양,1.0,한국고전시가의산책 / 0ARG1249 / 7 / 2.0 / 이정선 / 화5~6 / 일반교양 / 1.0
인간과아름다움,0ARG1262,7,2.0,장동석,수5~6,일반교양,1.0,인간과아름다움 / 0ARG1262 / 7 / 2.0 / 장동석 / 수5~6 / 일반교양 / 1.0
한국아동문학의이해,0ARG1265,7,2.0,김찬곤,월7~8,일반교양,1.0,한국아동문학의이해 / 0ARG1265 / 7 / 2.0 / 김찬곤 / 월7~8 / 일반교양 / 1.0
[나눔]진짜영어!영어사서,0ARG1267,7,2.0,데렉 존 토마스,목7~8,일반교양,1.0,[나눔]진짜영어!영어사서 / 0ARG1267 / 7 / 2.0 / 데렉 존 토마스 / 목7~8 / 일반교양 / 1.0
ESG기반의생태영성과그린캠퍼스형성,0ARG1304,7,2.0,박미경,화5~6,일반교양,1.0,ESG기반의생태영성과그린캠퍼스형성 / 0ARG1304 / 7 / 2.0 / 박미경 / 화5~6 / 일반교양 / 1.0
"포스트모더니즘과성,권력,규율",0ARG1320,7,2.0,이세진,화3~4,일반교양,1.0,"포스트모더니즘과성,권력,규율 / 0ARG1320 / 7 / 2.0 / 이세진 / 화3~4 / 일반교양 / 1.0"
한국대중음악과미디어,0ARG1341,7,2.0,권도희,화1~2,일반교양,1.0,한국대중음악과미디어 / 0ARG1341 / 7 / 2.0 / 권도희 / 화1~2 / 일반교양 / 1.0
가치로서의자연과인간,0ARB0135,9,2.0,이세진,월3~4,일반교양,1.0,가치로서의자연과인간 / 0ARB0135 / 9 / 2.0 / 이세진 / 월3~4 / 일반교양 / 1.0
한국어말하기1,0ARG1080,1,2.0,김승자,목5~6,일반교양,2.0,한국어말하기1 / 0ARG1080 / 1 / 2.0 / 김승자 / 목5~6 / 일반교양 / 2.0
스피치커뮤니케이션,0ARG1115,2,2.0,데이비드 데보라,화3~4,일반교양,2.0,스피치커뮤니케이션 / 0ARG1115 / 2 / 2.0 / 데이비드 데보라 / 화3~4 / 일반교양 / 2.0
한국의개황,0ARB2240,2,2.0,김시용,수3~4,일반교양,2.0,한국의개황 / 0ARB2240 / 2 / 2.0 / 김시용 / 수3~4 / 일반교양 / 2.0
초대교회리더십,0ARB4071,7,2.0,염창선,화5~6,일반교양,2.0,초대교회리더십 / 0ARB4071 / 7 / 2.0 / 염창선 / 화5~6 / 일반교양 / 2.0
한국어쓰기,0ARG1082,7,2.0,김승자,목7~8,일반교양,2.0,한국어쓰기 / 0ARG1082 / 7 / 2.0 / 김승자 / 목7~8 / 일반교양 / 2.0
리더십(벤처),0ARG1143,7,2.0,곽정근,수7~8,일반교양,2.0,리더십(벤처) / 0ARG1143 / 7 / 2.0 / 곽정근 / 수7~8 / 일반교양 / 2.0
현대통상의이해,0ARB1900,7,2.0,이상직,월5~6,일반교양,2.0,현대통상의이해 / 0ARB1900 / 7 / 2.0 / 이상직 / 월5~6 / 일반교양 / 2.0
서양중세문화,0ARB2450,7,2.0,문윤덕,월5~6,일반교양,2.0,서양중세문화 / 0ARB2450 / 7 / 2.0 / 문윤덕 / 월5~6 / 일반교양 / 2.0
중국의문화코드,0ARB2590,7,2.0,전가림,화4~5,일반교양,2.0,중국의문화코드 / 0ARB2590 / 7 / 2.0 / 전가림 / 화4~5 / 일반교양 / 2.0
이미지로읽는중국,0ARB5693,7,2.0,홍은기,수3~4,일반교양,2.0,이미지로읽는중국 / 0ARB5693 / 7 / 2.0 / 홍은기 / 수3~4 / 일반교양 / 2.0
이탈토탈(이탈리아문화기행),0ARB6790,7,2.0,안형렬,화5~6,일반교양,2.0,이탈토탈(이탈리아문화기행) / 0ARB6790 / 7 / 2.0 / 안형렬 / 화5~6 / 일반교양 / 2.0
중국경제지리,0ARB9015,7,2.0,전가림,월1~2,일반교양,2.0,중국경제지리 / 0ARB9015 / 7 / 2.0 / 전가림 / 월1~2 / 일반교양 / 2.0
경제의기초와생활,0ARG1005,7,2.0,이상직,월7~8,일반교양,2.0,경제의기초와생활 / 0ARG1005 / 7 / 2.0 / 이상직 / 월7~8 / 일반교양 / 2.0
이야기형법,0ARG1035,7,2.0,정영훈,화4~5,일반교양,2.0,이야기형법 / 0ARG1035 / 7 / 2.0 / 정영훈 / 화4~5 / 일반교양 / 2.0
세계사를바꾼사건들과벤처정신,0ARG1074,7,2.0,김성만,월3~4,일반교양,2.0,세계사를바꾼사건들과벤처정신 / 0ARG1074 / 7 / 2.0 / 김성만 / 월3~4 / 일반교양 / 2.0
현대사회와패션문화,0ARG1083,7,2.0,안은재,목7~8,일반교양,2.0,현대사회와패션문화 / 0ARG1083 / 7 / 2.0 / 안은재 / 목7~8 / 일반교양 / 2.0
현대중국사회의이해,0ARG1141,7,3.0,치아오 춘옌,화1~3,일반교양,2.0,현대중국사회의이해 / 0ARG1141 / 7 / 3.0 / 치아오 춘옌 / 화1~3 / 일반교양 / 2.0
부동산과생활경제,0ARG1158,7,3.0,이재순,월6~8,일반교양,2.0,부동산과생활경제 / 0ARG1158 / 7 / 3.0 / 이재순 / 월6~8 / 일반교양 / 2.0
세계의음식문화비교,0ARG1173,7,2.0,우나리야,목6~7,일반교양,2.0,세계의음식문화비교 / 0ARG1173 / 7 / 2.0 / 우나리야 / 목6~7 / 일반교양 / 2.0
미디어발달과뉴미디어이해,0ARG1248,7,3.0,김용석,금1~3,일반교양,2.0,미디어발달과뉴미디어이해 / 0ARG1248 / 7 / 3.0 / 김용석 / 금1~3 / 일반교양 / 2.0
북한역사의이해,0ARG1256,7,2.0,이세진,화1~2,일반교양,2.0,북한역사의이해 / 0ARG1256 / 7 / 2.0 / 이세진 / 화1~2 / 일반교양 / 2.0
공유경제와창업,0ARG1257,7,3.0,서덕화,목5~7,일반교양,2.0,공유경제와창업 / 0ARG1257 / 7 / 3.0 / 서덕화 / 목5~7 / 일반교양 / 2.0
쟁점으로본한국근현대사,0ARG1260,7,2.0,조한필,월5~6,일반교양,2.0,쟁점으로본한국근현대사 / 0ARG1260 / 7 / 2.0 / 조한필 / 월5~6 / 일반교양 / 2.0
국제개발협력의이해,0ARG1331,7,2.0,남창섭,월5~6,일반교양,2.0,국제개발협력의이해 / 0ARG1331 / 7 / 2.0 / 남창섭 / 월5~6 / 일반교양 / 2.0
사회적기업가정신:개론과임팩트,0ARG1334,7,2.0,캐스퍼,수4~5,일반교양,2.0,사회적기업가정신:개론과임팩트 / 0ARG1334 / 7 / 2.0 / 캐스퍼 / 수4~5 / 일반교양 / 2.0
세계문화로이해하는교양영어,0ARG1335,7,2.0,지맥심,목3~4,일반교양,2.0,세계문화로이해하는교양영어 / 0ARG1335 / 7 / 2.0 / 지맥심 / 목3~4 / 일반교양 / 2.0
교육정책의실제,0ARG1343,7,2.0,신익현,수5~6,일반교양,2.0,교육정책의실제 / 0ARG1343 / 7 / 2.0 / 신익현 / 수5~6 / 일반교양 / 2.0
엑셀로만나보는빅데이터분석,0ARG1295,1,2.0,김영태,화4~5,일반교양,3.0,엑셀로만나보는빅데이터분석 / 0ARG1295 / 1 / 2.0 / 김영태 / 화4~5 / 일반교양 / 3.0
엔트리로배우는인공지능,0ARG1298,1,2.0,이경희,목3~4,일반교양,3.0,엔트리로배우는인공지능 / 0ARG1298 / 1 / 2.0 / 이경희 / 목3~4 / 일반교양 / 3.0
생명과학의현대적이해,0ARB0423,7,2.0,김산,월5~6,일반교양,3.0,생명과학의현대적이해 / 0ARB0423 / 7 / 2.0 / 김산 / 월5~6 / 일반교양 / 3.0
한중인적자원개발,0ARG1040,7,2.0,진국화,월2~3,일반교양,3.0,한중인적자원개발 / 0ARG1040 / 7 / 2.0 / 진국화 / 월2~3 / 일반교양 / 3.0
바이오기술의이해(창업),0ARG1121,7,3.0,방인석,월2~4,일반교양,3.0,바이오기술의이해(창업) / 0ARG1121 / 7 / 3.0 / 방인석 / 월2~4 / 일반교양 / 3.0
사진과시네마토그래피,0ARG1140,7,2.0,김윤경,목7~8,일반교양,3.0,사진과시네마토그래피 / 0ARG1140 / 7 / 2.0 / 김윤경 / 목7~8 / 일반교양 / 3.0
4차산업혁명시대의컴퓨터과학,0ARG1150,7,3.0,이호석,목5~7,일반교양,3.0,4차산업혁명시대의컴퓨터과학 / 0ARG1150 / 7 / 3.0 / 이호석 / 목5~7 / 일반교양 / 3.0
데이터인사이트 ,0ARG1253,7,2.0,이형주,수3~4,일반교양,3.0,데이터인사이트 / 0ARG1253 / 7 / 2.0 / 이형주 / 수3~4 / 일반교양 / 3.0
창의적발상과기법,0ARG1259,7,2.0,황길주,화1~2,일반교양,3.0,창의적발상과기법 / 0ARG1259 / 7 / 2.0 / 황길주 / 화1~2 / 일반교양 / 3.0
손에잡히는인공지능앱,0ARG1300,7,2.0,문정경,목2~3,일반교양,3.0,손에잡히는인공지능앱 / 0ARG1300 / 7 / 2.0 / 문정경 / 목2~3 / 일반교양 / 3.0
진화하는소셜미디어의세계,0ARG1316,7,2.0,로나 워싱턴,화3~4,일반교양,3.0,진화하는소셜미디어의세계 / 0ARG1316 / 7 / 2.0 / 로나 워싱턴 / 화3~4 / 일반교양 / 3.0
데이터시각화를활용한창의적보고서작성,0ARG1332,7,2.0,강소라,수2~3,일반교양,3.0,데이터시각화를활용한창의적보고서작성 / 0ARG1332 / 7 / 2.0 / 강소라 / 수2~3 / 일반교양 / 3.0
"우리의영적,신체적,정신적,정서적건강에대한심리학",0ARG1342,7,2.0,로나 워싱턴,목3~4,일반교양,3.0,"우리의영적,신체적,정신적,정서적건강에대한심리학 / 0ARG1342 / 7 / 2.0 / 로나 워싱턴 / 목3~4 / 일반교양 / 3.0"
세상을바꾸는복지과학기술,0ARG1095,91,2.0,김형수,화5~6,일반교양,3.0,세상을바꾸는복지과학기술 / 0ARG1095 / 91 / 2.0 / 김형수 / 화5~6 / 일반교양 / 3.0
과학적지식과철학적지혜,0ARG1275,2,2.0,김완구,목3~4,일반교양,4.0,과학적지식과철학적지혜 / 0ARG1275 / 2 / 2.0 / 김완구 / 목3~4 / 일반교양 / 4.0
문화로배우는이탈리아어,0ARB5641,7,2.0,안형렬,수7~8,일반교양,4.0,문화로배우는이탈리아어 / 0ARB5641 / 7 / 2.0 / 안형렬 / 수7~8 / 일반교양 / 4.0
영화와법률,0ARB0302,7,2.0,정영훈,월3~4,일반교양,4.0,영화와법률 / 0ARB0302 / 7 / 2.0 / 정영훈 / 월3~4 / 일반교양 / 4.0
글로벌시대의한국,0ARB2021,7,2.0,치아오 춘옌,수3~4,일반교양,4.0,글로벌시대의한국 / 0ARB2021 / 7 / 2.0 / 치아오 춘옌 / 수3~4 / 일반교양 / 4.0
천안의이해,0ARB3000,7,2.0,이성희,수7~8,일반교양,4.0,천안의이해 / 0ARB3000 / 7 / 2.0 / 이성희 / 수7~8 / 일반교양 / 4.0
빅데이터로배우는성격심리학,0ARG1221,7,3.0,이상매,목2~4,일반교양,4.0,빅데이터로배우는성격심리학 / 0ARG1221 / 7 / 3.0 / 이상매 / 목2~4 / 일반교양 / 4.0
예술과AI,0ARG1242,7,2.0,이은영,월2~3,일반교양,4.0,예술과AI / 0ARG1242 / 7 / 2.0 / 이은영 / 월2~3 / 일반교양 / 4.0
현대사회의사운드아트,0ARG1269,7,2.0,이은영,목4~5,일반교양,4.0,현대사회의사운드아트 / 0ARG1269 / 7 / 2.0 / 이은영 / 목4~5 / 일반교양 / 4.0
자아탐색을위한자아실현,0ARG1325,7,2.0,데렉 존 토마스,수1~2,일반교양,4.0,자아탐색을위한자아실현 / 0ARG1325 / 7 / 2.0 / 데렉 존 토마스 / 수1~2 / 일반교양 / 4.0
AI시대예수읽기,0ARG1326,7,2.0,이승현,목6~7,일반교양,4.0,AI시대예수읽기 / 0ARG1326 / 7 / 2.0 / 이승현 / 목6~7 / 일반교양 / 4.0
문화속의과학기술과음악,0ARG1148,9,3.0,이은영,월5~7,일반교양,4.0,문화속의과학기술과음악 / 0ARG1148 / 9 / 3.0 / 이은영 / 월5~7 / 일반교양 / 4.0
공간이만드는심리세계,0ARG1280,9,2.0,정성욱,화2~3,일반교양,4.0,공간이만드는심리세계 / 0ARG1280 / 9 / 2.0 / 정성욱 / 화2~3 / 일반교양 / 4.0
전쟁과평화,0ARG1250,1,2.0,김기정,화3~4,일반교양,1.0,전쟁과평화 / 0ARG1250 / 1 / 2.0 / 김기정 / 화3~4 / 일반교양 / 1.0
가치로서의자연과인간,0ARB0135,2,2.0,이세진,목5~6,일반교양,1.0,가치로서의자연과인간 / 0ARB0135 / 2 / 2.0 / 이세진 / 목5~6 / 일반교양 / 1.0
실용생활중국어,0ARB5660,2,2.0,슈메이,목1~2,일반교양,1.0,실용생활중국어 / 0ARB5660 / 2 / 2.0 / 슈메이 / 목1~2 / 일반교양 / 1.0
기초중국어,0ARB5680,2,2.0,슈메이,월1~2,일반교양,1.0,기초중국어 / 0ARB5680 / 2 / 2.0 / 슈메이 / 월1~2 / 일반교양 / 1.0
비즈니스중국어,0ARB5691,2,2.0,슈메이,목3~4,일반교양,1.0,비즈니스중국어 / 0ARB5691 / 2 / 2.0 / 슈메이 / 목3~4 / 일반교양 / 1.0
초급영작문,0ARB5720,2,2.0,브라이언,목7~8,일반교양,1.0,초급영작문 / 0ARB5720 / 2 / 2.0 / 브라이언 / 목7~8 / 일반교양 / 1.0
초급생활독일어,0ARG1051,2,2.0,문윤덕,수3~4,일반교양,1.0,초급생활독일어 / 0ARG1051 / 2 / 2.0 / 문윤덕 / 수3~4 / 일반교양 / 1.0
한국어읽기2,0ARG1070,2,2.0,윤은영,수3~4,일반교양,1.0,한국어읽기2 / 0ARG1070 / 2 / 2.0 / 윤은영 / 수3~4 / 일반교양 / 1.0
한국어읽기1,0ARG1108,2,2.0,정다정,화5~6,일반교양,1.0,한국어읽기1 / 0ARG1108 / 2 / 2.0 / 정다정 / 화5~6 / 일반교양 / 1.0
한국사,0ARB0205,2,2.0,노혜경,화3~4,일반교양,1.0,한국사 / 0ARB0205 / 2 / 2.0 / 노혜경 / 화3~4 / 일반교양 / 1.0
취업중국어,0ARB5685,2,2.0,슈메이,월3~4,일반교양,1.0,취업중국어 / 0ARB5685 / 2 / 2.0 / 슈메이 / 월3~4 / 일반교양 / 1.0
그리스로마신화,0ARB6550,2,2.0,문윤덕,화5~6,일반교양,1.0,그리스로마신화 / 0ARB6550 / 2 / 2.0 / 문윤덕 / 화5~6 / 일반교양 / 1.0
영화분석과리뷰,0ARG1023,2,2.0,강만진,수6~7,일반교양,1.0,영화분석과리뷰 / 0ARG1023 / 2 / 2.0 / 강만진 / 수6~7 / 일반교양 / 1.0
세계사,0ARG1030,2,2.0,데이비드 데보라,목4~5,일반교양,1.0,세계사 / 0ARG1030 / 2 / 2.0 / 데이비드 데보라 / 목4~5 / 일반교양 / 1.0
현대미술과애니메이션,0ARG1049,2,2.0,김윤경,수1~2,일반교양,1.0,현대미술과애니메이션 / 0ARG1049 / 2 / 2.0 / 김윤경 / 수1~2 / 일반교양 / 1.0
전쟁과인간,0ARG1061,2,2.0,노혜경,화1~2,일반교양,1.0,전쟁과인간 / 0ARG1061 / 2 / 2.0 / 노혜경 / 화1~2 / 일반교양 / 1.0
스타일과트렌드(A),0ARG1088,2,2.0,이철재,화5~6,일반교양,1.0,스타일과트렌드(A) / 0ARG1088 / 2 / 2.0 / 이철재 / 화5~6 / 일반교양 / 1.0
에어로빅댄스와유산소운동이해,0ARG1089,2,2.0,이경주,수5~6,일반교양,1.0,에어로빅댄스와유산소운동이해 / 0ARG1089 / 2 / 2.0 / 이경주 / 수5~6 / 일반교양 / 1.0
퍼스널트레이닝과바디세이핑,0ARG1090,2,2.0,김경식,화5~6,일반교양,1.0,퍼스널트레이닝과바디세이핑 / 0ARG1090 / 2 / 2.0 / 김경식 / 화5~6 / 일반교양 / 1.0
미래사회와협상의기술,0ARG1097,2,2.0,조상섭,목7~8,일반교양,1.0,미래사회와협상의기술 / 0ARG1097 / 2 / 2.0 / 조상섭 / 목7~8 / 일반교양 / 1.0
알기쉬운인간의이해,0ARG1136,2,2.0,이만수,목7~8,일반교양,1.0,알기쉬운인간의이해 / 0ARG1136 / 2 / 2.0 / 이만수 / 목7~8 / 일반교양 / 1.0
심신균형미학과요가필라,0ARG1152,2,2.0,이경주,화5~6,일반교양,1.0,심신균형미학과요가필라 / 0ARG1152 / 2 / 2.0 / 이경주 / 화5~6 / 일반교양 / 1.0
생각정리의기술,0ARG1237,2,2.0,전영미,목5~6,일반교양,1.0,생각정리의기술 / 0ARG1237 / 2 / 2.0 / 전영미 / 목5~6 / 일반교양 / 1.0
근대예술의이해:마네에서달리까지,0ARG1246,2,2.0,브라이언,화1~2,일반교양,1.0,근대예술의이해:마네에서달리까지 / 0ARG1246 / 2 / 2.0 / 브라이언 / 화1~2 / 일반교양 / 1.0
한국고전시가의산책,0ARG1249,2,2.0,이정선,수5~6,일반교양,1.0,한국고전시가의산책 / 0ARG1249 / 2 / 2.0 / 이정선 / 수5~6 / 일반교양 / 1.0
전쟁과평화,0ARG1250,2,2.0,정재욱,수7~8,일반교양,1.0,전쟁과평화 / 0ARG1250 / 2 / 2.0 / 정재욱 / 수7~8 / 일반교양 / 1.0
인간과아름다움,0ARG1262,2,2.0,장동석,월3~4,일반교양,1.0,인간과아름다움 / 0ARG1262 / 2 / 2.0 / 장동석 / 월3~4 / 일반교양 / 1.0
티볼이론과실제,0ARG1263,2,2.0,유상석,월6~7,일반교양,1.0,티볼이론과실제 / 0ARG1263 / 2 / 2.0 / 유상석 / 월6~7 / 일반교양 / 1.0
한국아동문학의이해,0ARG1265,2,2.0,김찬곤,화5~6,일반교양,1.0,한국아동문학의이해 / 0ARG1265 / 2 / 2.0 / 김찬곤 / 화5~6 / 일반교양 / 1.0
광고심리학,0ARG1278,2,2.0,다니엘와이버그,화3~4,일반교양,1.0,광고심리학 / 0ARG1278 / 2 / 2.0 / 다니엘와이버그 / 화3~4 / 일반교양 / 1.0
문화적다양성과공존의지혜,0ARG1308,2,2.0,정영기,월7~8,일반교양,1.0,문화적다양성과공존의지혜 / 0ARG1308 / 2 / 2.0 / 정영기 / 월7~8 / 일반교양 / 1.0
노화와신체활동,0ARG1318,2,2.0,이준우,금2~3,일반교양,1.0,노화와신체활동 / 0ARG1318 / 2 / 2.0 / 이준우 / 금2~3 / 일반교양 / 1.0
스토리텔링의인문학적이해,0ARG1322,2,2.0,전하영,화4~5,일반교양,1.0,스토리텔링의인문학적이해 / 0ARG1322 / 2 / 2.0 / 전하영 / 화4~5 / 일반교양 / 1.0
이야기로배우는영어,0ARG1324,2,2.0,전하영,목3~4,일반교양,1.0,이야기로배우는영어 / 0ARG1324 / 2 / 2.0 / 전하영 / 목3~4 / 일반교양 / 1.0
수학자로소통하기,0ARG1337,2,2.0,이형주,화5~6,일반교양,1.0,수학자로소통하기 / 0ARG1337 / 2 / 2.0 / 이형주 / 화5~6 / 일반교양 / 1.0
창의적인사고와시각문화예술,0ARG1339,2,2.0,피터안토니,화5~6,일반교양,1.0,창의적인사고와시각문화예술 / 0ARG1339 / 2 / 2.0 / 피터안토니 / 화5~6 / 일반교양 / 1.0
서양영화를통한21세기사회의이해,0ARG1344,2,2.0,조나단 레이커,수3~4,일반교양,1.0,서양영화를통한21세기사회의이해 / 0ARG1344 / 2 / 2.0 / 조나단 레이커 / 수3~4 / 일반교양 / 1.0
대학생활의이해,0ARG1346,2,2.0,김지나,목5~6,일반교양,1.0,대학생활의이해 / 0ARG1346 / 2 / 2.0 / 김지나 / 목5~6 / 일반교양 / 1.0
실용생활중국어,0ARB5660,3,2.0,치아오 춘옌,월3~4,일반교양,1.0,실용생활중국어 / 0ARB5660 / 3 / 2.0 / 치아오 춘옌 / 월3~4 / 일반교양 / 1.0
금융의이해와활용,0ARG1198,1,3.0,이소영,화5~7,일반교양,2.0,금융의이해와활용 / 0ARG1198 / 1 / 3.0 / 이소영 / 화5~7 / 일반교양 / 2.0
생태적관점의평화교육,0ARG1301,1,2.0,박미경,수5~6,일반교양,2.0,생태적관점의평화교육 / 0ARG1301 / 1 / 2.0 / 박미경 / 수5~6 / 일반교양 / 2.0
한국어듣기,0ARG1079,2,2.0,정다정,화7~8,일반교양,2.0,한국어듣기 / 0ARG1079 / 2 / 2.0 / 정다정 / 화7~8 / 일반교양 / 2.0
한국어말하기1,0ARG1080,2,2.0,윤은영,수1~2,일반교양,2.0,한국어말하기1 / 0ARG1080 / 2 / 2.0 / 윤은영 / 수1~2 / 일반교양 / 2.0
한국어말하기2,0ARG1081,2,2.0,김승자,월3~4,일반교양,2.0,한국어말하기2 / 0ARG1081 / 2 / 2.0 / 김승자 / 월3~4 / 일반교양 / 2.0
한국어쓰기,0ARG1082,2,2.0,윤은영,수5~6,일반교양,2.0,한국어쓰기 / 0ARG1082 / 2 / 2.0 / 윤은영 / 수5~6 / 일반교양 / 2.0
리더십(벤처),0ARG1143,2,2.0,곽정근,월7~8,일반교양,2.0,리더십(벤처) / 0ARG1143 / 2 / 2.0 / 곽정근 / 월7~8 / 일반교양 / 2.0
현대사회와인간복지,0ARB0150,2,2.0,김형수,금3~4,일반교양,2.0,현대사회와인간복지 / 0ARB0150 / 2 / 2.0 / 김형수 / 금3~4 / 일반교양 / 2.0
생활법률,0ARB0300,2,2.0,정영훈,금2~3,일반교양,2.0,생활법률 / 0ARB0300 / 2 / 2.0 / 정영훈 / 금2~3 / 일반교양 / 2.0
경영학기초,0ARB1221,2,2.0,박설호,화2~3,일반교양,2.0,경영학기초 / 0ARB1221 / 2 / 2.0 / 박설호 / 화2~3 / 일반교양 / 2.0
현대통상의이해,0ARB1900,2,2.0,이상직,수3~4,일반교양,2.0,현대통상의이해 / 0ARB1900 / 2 / 2.0 / 이상직 / 수3~4 / 일반교양 / 2.0
서양중세문화,0ARB2450,2,2.0,문윤덕,수6~7,일반교양,2.0,서양중세문화 / 0ARB2450 / 2 / 2.0 / 문윤덕 / 수6~7 / 일반교양 / 2.0
중국의문화코드,0ARB2590,2,2.0,전가림,수4~5,일반교양,2.0,중국의문화코드 / 0ARB2590 / 2 / 2.0 / 전가림 / 수4~5 / 일반교양 / 2.0
영미문화의이해,0ARB6760,2,2.0,다니엘베리,화1~2,일반교양,2.0,영미문화의이해 / 0ARB6760 / 2 / 2.0 / 다니엘베리 / 화1~2 / 일반교양 / 2.0
중국경제지리,0ARB9015,2,2.0,전가림,목4~5,일반교양,2.0,중국경제지리 / 0ARB9015 / 2 / 2.0 / 전가림 / 목4~5 / 일반교양 / 2.0
기업가정신,0ARB9510,2,2.0,최인우,수5~6,일반교양,2.0,기업가정신 / 0ARB9510 / 2 / 2.0 / 최인우 / 수5~6 / 일반교양 / 2.0
경제의기초와생활,0ARG1005,2,2.0,이상직,수5~6,일반교양,2.0,경제의기초와생활 / 0ARG1005 / 2 / 2.0 / 이상직 / 수5~6 / 일반교양 / 2.0
이야기형법,0ARG1035,2,2.0,정영훈,목2~3,일반교양,2.0,이야기형법 / 0ARG1035 / 2 / 2.0 / 정영훈 / 목2~3 / 일반교양 / 2.0
현대사회와패션문화,0ARG1083,2,2.0,안은재,화7~8,일반교양,2.0,현대사회와패션문화 / 0ARG1083 / 2 / 2.0 / 안은재 / 화7~8 / 일반교양 / 2.0
국기태권도,0ARG1091,2,2.0,김인재,목5~6,일반교양,2.0,국기태권도 / 0ARG1091 / 2 / 2.0 / 김인재 / 목5~6 / 일반교양 / 2.0
뉴스포츠의이론과실제,0ARG1092,2,2.0,유상석,화6~7,일반교양,2.0,뉴스포츠의이론과실제 / 0ARG1092 / 2 / 2.0 / 유상석 / 화6~7 / 일반교양 / 2.0
탁구이론과실제,0ARG1093,2,2.0,유상석,월4~5,일반교양,2.0,탁구이론과실제 / 0ARG1093 / 2 / 2.0 / 유상석 / 월4~5 / 일반교양 / 2.0
테니스이론과실제,0ARG1094,2,2.0,최경범,목5~6,일반교양,2.0,테니스이론과실제 / 0ARG1094 / 2 / 2.0 / 최경범 / 목5~6 / 일반교양 / 2.0
골프문화의이해,0ARG1106,2,2.0,이준우,수7~8,일반교양,2.0,골프문화의이해 / 0ARG1106 / 2 / 2.0 / 이준우 / 수7~8 / 일반교양 / 2.0
현대중국사회의이해,0ARG1141,2,3.0,치아오 춘옌,월5~7,일반교양,2.0,현대중국사회의이해 / 0ARG1141 / 2 / 3.0 / 치아오 춘옌 / 월5~7 / 일반교양 / 2.0
현대사회와가족의이해,0ARG1154,2,2.0,배성아,수3~4,일반교양,2.0,현대사회와가족의이해 / 0ARG1154 / 2 / 2.0 / 배성아 / 수3~4 / 일반교양 / 2.0
부동산과생활경제,0ARG1158,2,3.0,이재순,월2~4,일반교양,2.0,부동산과생활경제 / 0ARG1158 / 2 / 3.0 / 이재순 / 월2~4 / 일반교양 / 2.0
[나눔]생활속토론나눔,0ARG1224,2,2.0,전영미,화5~6,일반교양,2.0,[나눔]생활속토론나눔 / 0ARG1224 / 2 / 2.0 / 전영미 / 화5~6 / 일반교양 / 2.0
글로벌이슈,0ARG1236,2,2.0,데이비드 데보라,화5~6,일반교양,2.0,글로벌이슈 / 0ARG1236 / 2 / 2.0 / 데이비드 데보라 / 화5~6 / 일반교양 / 2.0
세계경제역사속메디치효과,0ARG1244,2,2.0,벤자민 스웬슨,목1~2,일반교양,2.0,세계경제역사속메디치효과 / 0ARG1244 / 2 / 2.0 / 벤자민 스웬슨 / 목1~2 / 일반교양 / 2.0
기업윤리의이해,0ARG1245,2,2.0,최승준,화5~6,일반교양,2.0,기업윤리의이해 / 0ARG1245 / 2 / 2.0 / 최승준 / 화5~6 / 일반교양 / 2.0
미디어발달과뉴미디어이해,0ARG1248,2,3.0,김용석,목1~3,일반교양,2.0,미디어발달과뉴미디어이해 / 0ARG1248 / 2 / 3.0 / 김용석 / 목1~3 / 일반교양 / 2.0
북한역사의이해,0ARG1256,2,2.0,이세진,목3~4,일반교양,2.0,북한역사의이해 / 0ARG1256 / 2 / 2.0 / 이세진 / 목3~4 / 일반교양 / 2.0
쟁점으로본한국근현대사,0ARG1260,2,2.0,이세진,목1~2,일반교양,2.0,쟁점으로본한국근현대사 / 0ARG1260 / 2 / 2.0 / 이세진 / 목1~2 / 일반교양 / 2.0
기업가정신과ESG,0ARG1307,2,2.0,전영미,수3~4,일반교양,2.0,기업가정신과ESG / 0ARG1307 / 2 / 2.0 / 전영미 / 수3~4 / 일반교양 / 2.0
역사속의도시이야기,0ARG1323,2,2.0,브라이언,수3~4,일반교양,2.0,역사속의도시이야기 / 0ARG1323 / 2 / 2.0 / 브라이언 / 수3~4 / 일반교양 / 2.0
ESG기독교성품과사회적기여,0ARG1329,2,2.0,윤은석,월1~2,일반교양,2.0,ESG기독교성품과사회적기여 / 0ARG1329 / 2 / 2.0 / 윤은석 / 월1~2 / 일반교양 / 2.0
멘토링과자기계발,0ARG1330,2,2.0,데이비드 데보라,화7~8,일반교양,2.0,멘토링과자기계발 / 0ARG1330 / 2 / 2.0 / 데이비드 데보라 / 화7~8 / 일반교양 / 2.0
플랫폼비즈니스와벤처,0ARG1214,7,3.0,김상범,수7~9,일반교양,2.0,플랫폼비즈니스와벤처 / 0ARG1214 / 7 / 3.0 / 김상범 / 수7~9 / 일반교양 / 2.0
환경윤리,0ARG1254,7,2.0,김완구,수5~6,일반교양,2.0,환경윤리 / 0ARG1254 / 7 / 2.0 / 김완구 / 수5~6 / 일반교양 / 2.0
삶과직업윤리,0ARG1255,9,2.0,김완구,수7~8,일반교양,2.0,삶과직업윤리 / 0ARG1255 / 9 / 2.0 / 김완구 / 수7~8 / 일반교양 / 2.0
홈페이지입문,0ARG1297,1,2.0,안용학,목2~3,일반교양,3.0,홈페이지입문 / 0ARG1297 / 1 / 2.0 / 안용학 / 목2~3 / 일반교양 / 3.0
시각적커뮤니케이션,0ARG1299,1,2.0,허친슨,목1~2,일반교양,3.0,시각적커뮤니케이션 / 0ARG1299 / 1 / 2.0 / 허친슨 / 목1~2 / 일반교양 / 3.0
성의과학,0ARB5590,2,2.0,방인석,목4~5,일반교양,3.0,성의과학 / 0ARB5590 / 2 / 2.0 / 방인석 / 목4~5 / 일반교양 / 3.0
과학적소통을위한수학,0ARG1169,2,2.0,박영자,목7~8,일반교양,3.0,과학적소통을위한수학 / 0ARG1169 / 2 / 2.0 / 박영자 / 목7~8 / 일반교양 / 3.0
생명과학의현대적이해,0ARB0423,2,2.0,김산,월1~2,일반교양,3.0,생명과학의현대적이해 / 0ARB0423 / 2 / 2.0 / 김산 / 월1~2 / 일반교양 / 3.0
21세기녹색환경문화,0ARB0424,2,2.0,이기영,화3~4,일반교양,3.0,21세기녹색환경문화 / 0ARB0424 / 2 / 2.0 / 이기영 / 화3~4 / 일반교양 / 3.0
신체발육발달과운동,0ARB1730,2,2.0,이준우,목7~8,일반교양,3.0,신체발육발달과운동 / 0ARB1730 / 2 / 2.0 / 이준우 / 목7~8 / 일반교양 / 3.0
환경과조경,0ARB5515,2,2.0,이상국,수2~3,일반교양,3.0,환경과조경 / 0ARB5515 / 2 / 2.0 / 이상국 / 수2~3 / 일반교양 / 3.0
인간두뇌의이해,0ARG1120,2,3.0,방인석,화2~4,일반교양,3.0,인간두뇌의이해 / 0ARG1120 / 2 / 3.0 / 방인석 / 화2~4 / 일반교양 / 3.0
사진과시네마토그래피,0ARG1140,2,2.0,김윤경,금1~2,일반교양,3.0,사진과시네마토그래피 / 0ARG1140 / 2 / 2.0 / 김윤경 / 금1~2 / 일반교양 / 3.0
4차산업혁명시대의컴퓨터과학,0ARG1150,2,3.0,이호석,화5~7,일반교양,3.0,4차산업혁명시대의컴퓨터과학 / 0ARG1150 / 2 / 3.0 / 이호석 / 화5~7 / 일반교양 / 3.0
인간질병의이해,0ARG1157,2,2.0,방인석,월6~7,일반교양,3.0,인간질병의이해 / 0ARG1157 / 2 / 2.0 / 방인석 / 월6~7 / 일반교양 / 3.0
[나눔]소프트웨어창의나눔,0ARG1223,2,2.0,이경희,화5~6,일반교양,3.0,[나눔]소프트웨어창의나눔 / 0ARG1223 / 2 / 2.0 / 이경희 / 화5~6 / 일반교양 / 3.0
정보기술의역사와트렌드,0ARG1258,2,3.0,이동욱,수5~7,일반교양,3.0,정보기술의역사와트렌드 / 0ARG1258 / 2 / 3.0 / 이동욱 / 수5~7 / 일반교양 / 3.0
[나눔]스타트인공지능,0ARG1303,2,2.0,전수진,수2~3,일반교양,3.0,[나눔]스타트인공지능 / 0ARG1303 / 2 / 2.0 / 전수진 / 수2~3 / 일반교양 / 3.0
인공지능융합ESG,0ARG1305,2,2.0,이경희,화3~4,일반교양,3.0,인공지능융합ESG / 0ARG1305 / 2 / 2.0 / 이경희 / 화3~4 / 일반교양 / 3.0
손에잡히는데이터시각화,0ARG1321,2,2.0,문정경,월4~5,일반교양,3.0,손에잡히는데이터시각화 / 0ARG1321 / 2 / 2.0 / 문정경 / 월4~5 / 일반교양 / 3.0
소프트웨어중심세상,0ARG1336,2,2.0,문정경,수2~3,일반교양,3.0,소프트웨어중심세상 / 0ARG1336 / 2 / 2.0 / 문정경 / 수2~3 / 일반교양 / 3.0
과학기술과미래사회,0ARG1345,2,2.0,전철규,목7~8,일반교양,3.0,과학기술과미래사회 / 0ARG1345 / 2 / 2.0 / 전철규 / 목7~8 / 일반교양 / 3.0
창의적발상과기법,0ARG1259,9,2.0,황길주,수1~2,일반교양,3.0,창의적발상과기법 / 0ARG1259 / 9 / 2.0 / 황길주 / 수1~2 / 일반교양 / 3.0
글로벌시대의한국,0ARB2021,2,2.0,치아오 춘옌,월1~2,일반교양,4.0,글로벌시대의한국 / 0ARB2021 / 2 / 2.0 / 치아오 춘옌 / 월1~2 / 일반교양 / 4.0
한중문화비교탐방,0ARB2570,2,2.0,정다정,수7~8,일반교양,4.0,한중문화비교탐방 / 0ARB2570 / 2 / 2.0 / 정다정 / 수7~8 / 일반교양 / 4.0
아산의이해,0ARB3005,2,2.0,전영미,목1~2,일반교양,4.0,아산의이해 / 0ARB3005 / 2 / 2.0 / 전영미 / 목1~2 / 일반교양 / 4.0
과학문명의이해,0ARB4210,2,2.0,노혜경,금3~4,일반교양,4.0,과학문명의이해 / 0ARB4210 / 2 / 2.0 / 노혜경 / 금3~4 / 일반교양 / 4.0
현대사회의갈등과공존,0ARB6632,2,2.0,이세진,수3~4,일반교양,4.0,현대사회의갈등과공존 / 0ARB6632 / 2 / 2.0 / 이세진 / 수3~4 / 일반교양 / 4.0
창의적사고와디자인(창업가정신),0ARG1068,2,2.0,이철재,화3~4,일반교양,4.0,창의적사고와디자인(창업가정신) / 0ARG1068 / 2 / 2.0 / 이철재 / 화3~4 / 일반교양 / 4.0
영화읽고철학하기,0ARG1123,2,2.0,정영기,목7~8,일반교양,4.0,영화읽고철학하기 / 0ARG1123 / 2 / 2.0 / 정영기 / 목7~8 / 일반교양 / 4.0
과학과윤리,0ARG1134,2,2.0,이기영,수7~8,일반교양,4.0,과학과윤리 / 0ARG1134 / 2 / 2.0 / 이기영 / 수7~8 / 일반교양 / 4.0
문화속의과학기술과음악,0ARG1148,2,3.0,이은영,화5~7,일반교양,4.0,문화속의과학기술과음악 / 0ARG1148 / 2 / 3.0 / 이은영 / 화5~7 / 일반교양 / 4.0
로봇윤리의이해,0ARG1149,2,2.0,최효선,수5~6,일반교양,4.0,로봇윤리의이해 / 0ARG1149 / 2 / 2.0 / 최효선 / 수5~6 / 일반교양 / 4.0
미디어로다시읽는영미명작,0ARG1156,2,2.0,김혜경,수5~6,일반교양,4.0,미디어로다시읽는영미명작 / 0ARG1156 / 2 / 2.0 / 김혜경 / 수5~6 / 일반교양 / 4.0
우리몸의이해와생활안전(팀티칭),0ARG1161,2,2.0,방인석,목1~2,일반교양,4.0,우리몸의이해와생활안전(팀티칭) / 0ARG1161 / 2 / 2.0 / 방인석 / 목1~2 / 일반교양 / 4.0
사물인터넷과미래생활(벤처창업),0ARG1166,2,3.0,박기호,목2~4,일반교양,4.0,사물인터넷과미래생활(벤처창업) / 0ARG1166 / 2 / 3.0 / 박기호 / 목2~4 / 일반교양 / 4.0
공연영상미디어와치유,0ARG1167,2,3.0,김향,월7~9,일반교양,4.0,공연영상미디어와치유 / 0ARG1167 / 2 / 3.0 / 김향 / 월7~9 / 일반교양 / 4.0
4차산업혁명시대의그림책읽기,0ARG1219,2,2.0,김윤경,화5~6,일반교양,4.0,4차산업혁명시대의그림책읽기 / 0ARG1219 / 2 / 2.0 / 김윤경 / 화5~6 / 일반교양 / 4.0
충남의이해,0ARG1240,2,2.0,구경완,화7~8,일반교양,4.0,충남의이해 / 0ARG1240 / 2 / 2.0 / 구경완 / 화7~8 / 일반교양 / 4.0
현대사회의사운드아트,0ARG1269,2,2.0,이은영,화1~2,일반교양,4.0,현대사회의사운드아트 / 0ARG1269 / 2 / 2.0 / 이은영 / 화1~2 / 일반교양 / 4.0
미래기술과산업,0ARG1274,2,2.0,신현곤,수3~4,일반교양,4.0,미래기술과산업 / 0ARG1274 / 2 / 2.0 / 신현곤 / 수3~4 / 일반교양 / 4.0
공간이만드는심리세계,0ARG1280,2,2.0,정성욱,월6~7,일반교양,4.0,공간이만드는심리세계 / 0ARG1280 / 2 / 2.0 / 정성욱 / 월6~7 / 일반교양 / 4.0
환경글로벌솔루션,0ARG1313,2,2.0,텐진 버제스,월3~4,일반교양,4.0,환경글로벌솔루션 / 0ARG1313 / 2 / 2.0 / 텐진 버제스 / 월3~4 / 일반교양 / 4.0
디지털전환경영및기술의이해,0ARG1327,2,3.0,이동욱,화5~7,일반교양,4.0,디지털전환경영및기술의이해 / 0ARG1327 / 2 / 3.0 / 이동욱 / 화5~7 / 일반교양 / 4.0
포스트휴머니즘의이해,0ARG1276,7,2.0,김완구,월7~8,일반교양,4.0,포스트휴머니즘의이해 / 0ARG1276 / 7 / 2.0 / 김완구 / 월7~8 / 일반교양 / 4.0
과학기술과경제사,0ARG1279,7,2.0,이세진,수5~6,일반교양,4.0,과학기술과경제사 / 0ARG1279 / 7 / 2.0 / 이세진 / 수5~6 / 일반교양 / 4.0
ESG교육프로그램개발,0ARG1306,7,2.0,이형주,화3~4,일반교양,4.0,ESG교육프로그램개발 / 0ARG1306 / 7 / 2.0 / 이형주 / 화3~4 / 일반교양 / 4.0
논리적사고와표현,0APR1149,1,2.0,정영기,"화7, 수15",기초교양, ,"논리적사고와표현 / 0APR1149 / 1 / 2.0 / 정영기 / 화7, 수15 / 기초교양 / "
논리적사고와표현,0APR1149,2,2.0,정영기,"화8, 목14",기초교양, ,"논리적사고와표현 / 0APR1149 / 2 / 2.0 / 정영기 / 화8, 목14 / 기초교양 / "
논리적사고와표현,0APR1149,4,2.0,정영기,"월3, 금14",기초교양, ,"논리적사고와표현 / 0APR1149 / 4 / 2.0 / 정영기 / 월3, 금14 / 기초교양 / "
논리적사고와표현,0APR1149,5,2.0,정영기,"월4, 토15",기초교양, ,"논리적사고와표현 / 0APR1149 / 5 / 2.0 / 정영기 / 월4, 토15 / 기초교양 / "
논리적사고와표현,0APR1149,6,2.0,김완구,"월3, 월13",기초교양, ,"논리적사고와표현 / 0APR1149 / 6 / 2.0 / 김완구 / 월3, 월13 / 기초교양 / "
논리적사고와표현,0APR1149,7,2.0,김완구,"월4, 화13",기초교양, ,"논리적사고와표현 / 0APR1149 / 7 / 2.0 / 김완구 / 월4, 화13 / 기초교양 / "
논리적사고와표현,0APR1149,3,2.0,김완구,"목6, 목15",기초교양, ,"논리적사고와표현 / 0APR1149 / 3 / 2.0 / 김완구 / 목6, 목15 / 기초교양 / "
글쓰기와커뮤니케이션,0APR1150,1,2.0,손민영,월4~5,기초교양, ,글쓰기와커뮤니케이션 / 0APR1150 / 1 / 2.0 / 손민영 / 월4~5 / 기초교양 / 
글쓰기와커뮤니케이션,0APR1150,2,2.0,이정선,화7~8,기초교양, ,글쓰기와커뮤니케이션 / 0APR1150 / 2 / 2.0 / 이정선 / 화7~8 / 기초교양 / 
글쓰기와커뮤니케이션,0APR1150,3,2.0,한정순,월2~3,기초교양, ,글쓰기와커뮤니케이션 / 0APR1150 / 3 / 2.0 / 한정순 / 월2~3 / 기초교양 / 
글쓰기와커뮤니케이션,0APR1150,4,2.0,손태도,월2~3,기초교양, ,글쓰기와커뮤니케이션 / 0APR1150 / 4 / 2.0 / 손태도 / 월2~3 / 기초교양 / 
글쓰기와커뮤니케이션,0APR1150,5,2.0,한정순,월4~5,기초교양, ,글쓰기와커뮤니케이션 / 0APR1150 / 5 / 2.0 / 한정순 / 월4~5 / 기초교양 / 
글쓰기와커뮤니케이션,0APR1150,6,2.0,손민영,월6~7,기초교양, ,글쓰기와커뮤니케이션 / 0APR1150 / 6 / 2.0 / 손민영 / 월6~7 / 기초교양 / 
글쓰기와커뮤니케이션,0APR1150,7,2.0,김향,화1~2,기초교양, ,글쓰기와커뮤니케이션 / 0APR1150 / 7 / 2.0 / 김향 / 화1~2 / 기초교양 / 
글쓰기와커뮤니케이션,0APR1150,8,2.0,한정순,화1~2,기초교양, ,글쓰기와커뮤니케이션 / 0APR1150 / 8 / 2.0 / 한정순 / 화1~2 / 기초교양 / 
글쓰기와커뮤니케이션,0APR1150,9,2.0,손태도,화1~2,기초교양, ,글쓰기와커뮤니케이션 / 0APR1150 / 9 / 2.0 / 손태도 / 화1~2 / 기초교양 / 
글쓰기와커뮤니케이션,0APR1150,10,2.0,김향,화5~6,기초교양, ,글쓰기와커뮤니케이션 / 0APR1150 / 10 / 2.0 / 김향 / 화5~6 / 기초교양 / 
글쓰기와커뮤니케이션,0APR1150,11,2.0,윤재연,화5~6,기초교양, ,글쓰기와커뮤니케이션 / 0APR1150 / 11 / 2.0 / 윤재연 / 화5~6 / 기초교양 / 
글쓰기와커뮤니케이션,0APR1150,29,2.0,김찬곤,월5~6,기초교양, ,글쓰기와커뮤니케이션 / 0APR1150 / 29 / 2.0 / 김찬곤 / 월5~6 / 기초교양 / 
글쓰기와커뮤니케이션,0APR1150,31,2.0,윤재연,화7~8,기초교양, ,글쓰기와커뮤니케이션 / 0APR1150 / 31 / 2.0 / 윤재연 / 화7~8 / 기초교양 / 
글쓰기와커뮤니케이션,0APR1150,32,2.0,윤재연,월2~3,기초교양, ,글쓰기와커뮤니케이션 / 0APR1150 / 32 / 2.0 / 윤재연 / 월2~3 / 기초교양 / 
글쓰기와커뮤니케이션,0APR1150,33,2.0,손민영,월2~3,기초교양, ,글쓰기와커뮤니케이션 / 0APR1150 / 33 / 2.0 / 손민영 / 월2~3 / 기초교양 / 
글쓰기와커뮤니케이션,0APR1150,34,2.0,손태도,월4~5,기초교양, ,글쓰기와커뮤니케이션 / 0APR1150 / 34 / 2.0 / 손태도 / 월4~5 / 기초교양 / 
글쓰기와커뮤니케이션,0APR1150,35,2.0,윤재연,화1~2,기초교양, ,글쓰기와커뮤니케이션 / 0APR1150 / 35 / 2.0 / 윤재연 / 화1~2 / 기초교양 / 
글쓰기와커뮤니케이션,0APR1150,36,2.0,이정선,화1~2,기초교양, ,글쓰기와커뮤니케이션 / 0APR1150 / 36 / 2.0 / 이정선 / 화1~2 / 기초교양 / 
글쓰기와커뮤니케이션,0APR1150,42,2.0,변지선,월5~6,기초교양, ,글쓰기와커뮤니케이션 / 0APR1150 / 42 / 2.0 / 변지선 / 월5~6 / 기초교양 / 
글쓰기와커뮤니케이션,0APR1150,46,2.0,김찬곤,월2~3,기초교양, ,글쓰기와커뮤니케이션 / 0APR1150 / 46 / 2.0 / 김찬곤 / 월2~3 / 기초교양 / 
글쓰기와커뮤니케이션,0APR1150,12,2.0,김찬곤,수5~6,기초교양, ,글쓰기와커뮤니케이션 / 0APR1150 / 12 / 2.0 / 김찬곤 / 수5~6 / 기초교양 / 
글쓰기와커뮤니케이션,0APR1150,13,2.0,김향,목3~4,기초교양, ,글쓰기와커뮤니케이션 / 0APR1150 / 13 / 2.0 / 김향 / 목3~4 / 기초교양 / 
글쓰기와커뮤니케이션,0APR1150,14,2.0,김찬곤,목3~4,기초교양, ,글쓰기와커뮤니케이션 / 0APR1150 / 14 / 2.0 / 김찬곤 / 목3~4 / 기초교양 / 
글쓰기와커뮤니케이션,0APR1150,15,2.0,손태도,목1~2,기초교양, ,글쓰기와커뮤니케이션 / 0APR1150 / 15 / 2.0 / 손태도 / 목1~2 / 기초교양 / 
글쓰기와커뮤니케이션,0APR1150,16,2.0,윤재연,목1~2,기초교양, ,글쓰기와커뮤니케이션 / 0APR1150 / 16 / 2.0 / 윤재연 / 목1~2 / 기초교양 / 
글쓰기와커뮤니케이션,0APR1150,17,2.0,김향,목5~6,기초교양, ,글쓰기와커뮤니케이션 / 0APR1150 / 17 / 2.0 / 김향 / 목5~6 / 기초교양 / 
글쓰기와커뮤니케이션,0APR1150,18,2.0,김찬곤,목5~6,기초교양, ,글쓰기와커뮤니케이션 / 0APR1150 / 18 / 2.0 / 김찬곤 / 목5~6 / 기초교양 / 
글쓰기와커뮤니케이션,0APR1150,19,2.0,김찬곤,화1~2,기초교양, ,글쓰기와커뮤니케이션 / 0APR1150 / 19 / 2.0 / 김찬곤 / 화1~2 / 기초교양 / 
글쓰기와커뮤니케이션,0APR1150,20,2.0,변지선,화1~2,기초교양, ,글쓰기와커뮤니케이션 / 0APR1150 / 20 / 2.0 / 변지선 / 화1~2 / 기초교양 / 
글쓰기와커뮤니케이션,0APR1150,21,2.0,김향,수7~8,기초교양, ,글쓰기와커뮤니케이션 / 0APR1150 / 21 / 2.0 / 김향 / 수7~8 / 기초교양 / 
글쓰기와커뮤니케이션,0APR1150,22,2.0,안신혜,수5~6,기초교양, ,글쓰기와커뮤니케이션 / 0APR1150 / 22 / 2.0 / 안신혜 / 수5~6 / 기초교양 / 
글쓰기와커뮤니케이션,0APR1150,23,2.0,송선령,수5~6,기초교양, ,글쓰기와커뮤니케이션 / 0APR1150 / 23 / 2.0 / 송선령 / 수5~6 / 기초교양 / 
글쓰기와커뮤니케이션,0APR1150,24,2.0,손태도,수5~6,기초교양, ,글쓰기와커뮤니케이션 / 0APR1150 / 24 / 2.0 / 손태도 / 수5~6 / 기초교양 / 
글쓰기와커뮤니케이션,0APR1150,25,2.0,이정선,목5~6,기초교양, ,글쓰기와커뮤니케이션 / 0APR1150 / 25 / 2.0 / 이정선 / 목5~6 / 기초교양 / 
글쓰기와커뮤니케이션,0APR1150,26,2.0,변지선,목5~6,기초교양, ,글쓰기와커뮤니케이션 / 0APR1150 / 26 / 2.0 / 변지선 / 목5~6 / 기초교양 / 
글쓰기와커뮤니케이션,0APR1150,27,2.0,손태도,수1~2,기초교양, ,글쓰기와커뮤니케이션 / 0APR1150 / 27 / 2.0 / 손태도 / 수1~2 / 기초교양 / 
글쓰기와커뮤니케이션,0APR1150,28,2.0,변지선,수1~2,기초교양, ,글쓰기와커뮤니케이션 / 0APR1150 / 28 / 2.0 / 변지선 / 수1~2 / 기초교양 / 
글쓰기와커뮤니케이션,0APR1150,30,2.0,변지선,화7~8,기초교양, ,글쓰기와커뮤니케이션 / 0APR1150 / 30 / 2.0 / 변지선 / 화7~8 / 기초교양 / 
글쓰기와커뮤니케이션,0APR1150,37,2.0,이정선,목3~4,기초교양, ,글쓰기와커뮤니케이션 / 0APR1150 / 37 / 2.0 / 이정선 / 목3~4 / 기초교양 / 
글쓰기와커뮤니케이션,0APR1150,38,2.0,윤재연,수7~8,기초교양, ,글쓰기와커뮤니케이션 / 0APR1150 / 38 / 2.0 / 윤재연 / 수7~8 / 기초교양 / 
글쓰기와커뮤니케이션,0APR1150,40,2.0,안신혜,수7~8,기초교양, ,글쓰기와커뮤니케이션 / 0APR1150 / 40 / 2.0 / 안신혜 / 수7~8 / 기초교양 / 
글쓰기와커뮤니케이션,0APR1150,41,2.0,송선령,수7~8,기초교양, ,글쓰기와커뮤니케이션 / 0APR1150 / 41 / 2.0 / 송선령 / 수7~8 / 기초교양 / 
글쓰기와커뮤니케이션,0APR1150,43,2.0,안신혜,수3~4,기초교양, ,글쓰기와커뮤니케이션 / 0APR1150 / 43 / 2.0 / 안신혜 / 수3~4 / 기초교양 / 
글쓰기와커뮤니케이션,0APR1150,44,2.0,송선령,수3~4,기초교양, ,글쓰기와커뮤니케이션 / 0APR1150 / 44 / 2.0 / 송선령 / 수3~4 / 기초교양 / 
글쓰기와커뮤니케이션,0APR1150,45,2.0,이정선,수3~4,기초교양, ,글쓰기와커뮤니케이션 / 0APR1150 / 45 / 2.0 / 이정선 / 수3~4 / 기초교양 / 
대학영어강독2,0APR1154,1,2.0,한상수,"월5, 월14",기초교양, ,"대학영어강독2 / 0APR1154 / 1 / 2.0 / 한상수 / 월5, 월14 / 기초교양 / "
대학영어강독2,0APR1154,2,2.0,한상수,"월6, 월15",기초교양, ,"대학영어강독2 / 0APR1154 / 2 / 2.0 / 한상수 / 월6, 월15 / 기초교양 / "
대학영어강독2,0APR1154,5,2.0,이영경,"수2, 수14",기초교양, ,"대학영어강독2 / 0APR1154 / 5 / 2.0 / 이영경 / 수2, 수14 / 기초교양 / "
대학영어강독2,0APR1154,3,2.0,민주영,"월4, 화14",기초교양, ,"대학영어강독2 / 0APR1154 / 3 / 2.0 / 민주영 / 월4, 화14 / 기초교양 / "
대학영어강독2,0APR1154,4,2.0,박미경,"화4, 화15",기초교양, ,"대학영어강독2 / 0APR1154 / 4 / 2.0 / 박미경 / 화4, 화15 / 기초교양 / "
영어와비판적사고,0APR1195,1,2.0,권설녀,"월4, 월13",기초교양, ,"영어와비판적사고 / 0APR1195 / 1 / 2.0 / 권설녀 / 월4, 월13 / 기초교양 / "
영어와비판적사고,0APR1195,2,2.0,박영주,"월4, 화13",기초교양, ,"영어와비판적사고 / 0APR1195 / 2 / 2.0 / 박영주 / 월4, 화13 / 기초교양 / "
영어와비판적사고,0APR1195,3,2.0,남신흠,"화5, 수13",기초교양, ,"영어와비판적사고 / 0APR1195 / 3 / 2.0 / 남신흠 / 화5, 수13 / 기초교양 / "
영어와비판적사고,0APR1195,4,2.0,남신흠,"화6, 목13",기초교양, ,"영어와비판적사고 / 0APR1195 / 4 / 2.0 / 남신흠 / 화6, 목13 / 기초교양 / "
영어와비판적사고,0APR1195,5,2.0,오복남,"화4, 금13",기초교양, ,"영어와비판적사고 / 0APR1195 / 5 / 2.0 / 오복남 / 화4, 금13 / 기초교양 / "
영어와비판적사고,0APR1195,7,2.0,이영경,"수1, 금15",기초교양, ,"영어와비판적사고 / 0APR1195 / 7 / 2.0 / 이영경 / 수1, 금15 / 기초교양 / "
영어와비판적사고,0APR1195,8,2.0,권설녀,"수3, 목15",기초교양, ,"영어와비판적사고 / 0APR1195 / 8 / 2.0 / 권설녀 / 수3, 목15 / 기초교양 / "
영어와비판적사고,0APR1195,9,2.0,박미경,"수3, 수15",기초교양, ,"영어와비판적사고 / 0APR1195 / 9 / 2.0 / 박미경 / 수3, 수15 / 기초교양 / "
영어와비판적사고,0APR1195,10,2.0,성영미,"월3, 화15",기초교양, ,"영어와비판적사고 / 0APR1195 / 10 / 2.0 / 성영미 / 월3, 화15 / 기초교양 / "
영어와비판적사고,0APR1195,11,2.0,박영주,"월3, 월15",기초교양, ,"영어와비판적사고 / 0APR1195 / 11 / 2.0 / 박영주 / 월3, 월15 / 기초교양 / "
영어와비판적사고,0APR1195,30,2.0,성영미,"월5, 목14",기초교양, ,"영어와비판적사고 / 0APR1195 / 30 / 2.0 / 성영미 / 월5, 목14 / 기초교양 / "
영어와비판적사고,0APR1195,31,2.0,권설녀,"월5, 수14",기초교양, ,"영어와비판적사고 / 0APR1195 / 31 / 2.0 / 권설녀 / 월5, 수14 / 기초교양 / "
영어와비판적사고,0APR1195,33,2.0,이영경,"화13, 수4",기초교양, ,"영어와비판적사고 / 0APR1195 / 33 / 2.0 / 이영경 / 화13, 수4 / 기초교양 / "
영어와비판적사고,0APR1195,34,2.0,박미경,"수4, 수13",기초교양, ,"영어와비판적사고 / 0APR1195 / 34 / 2.0 / 박미경 / 수4, 수13 / 기초교양 / "
영어와비판적사고,0APR1195,12,2.0,전하영,"화1, 금14",기초교양, ,"영어와비판적사고 / 0APR1195 / 12 / 2.0 / 전하영 / 화1, 금14 / 기초교양 / "
영어와비판적사고,0APR1195,13,2.0,전하영,"월2, 목14",기초교양, ,"영어와비판적사고 / 0APR1195 / 13 / 2.0 / 전하영 / 월2, 목14 / 기초교양 / "
영어와비판적사고,0APR1195,14,2.0,민주영,"화3, 수14",기초교양, ,"영어와비판적사고 / 0APR1195 / 14 / 2.0 / 민주영 / 화3, 수14 / 기초교양 / "
영어와비판적사고,0APR1195,15,2.0,민주영,"화4, 화12",기초교양, ,"영어와비판적사고 / 0APR1195 / 15 / 2.0 / 민주영 / 화4, 화12 / 기초교양 / "
영어와비판적사고,0APR1195,16,2.0,최선령,"월14, 화6",기초교양, ,"영어와비판적사고 / 0APR1195 / 16 / 2.0 / 최선령 / 월14, 화6 / 기초교양 / "
영어와비판적사고,0APR1195,17,2.0,김혜경,"월5, 월13",기초교양, ,"영어와비판적사고 / 0APR1195 / 17 / 2.0 / 김혜경 / 월5, 월13 / 기초교양 / "
영어와비판적사고,0APR1195,18,2.0,민주영,"화13, 목5",기초교양, ,"영어와비판적사고 / 0APR1195 / 18 / 2.0 / 민주영 / 화13, 목5 / 기초교양 / "
영어와비판적사고,0APR1195,19,2.0,민주영,"수13, 목6",기초교양, ,"영어와비판적사고 / 0APR1195 / 19 / 2.0 / 민주영 / 수13, 목6 / 기초교양 / "
영어와비판적사고,0APR1195,20,2.0,박영주,"목3, 목13",기초교양, ,"영어와비판적사고 / 0APR1195 / 20 / 2.0 / 박영주 / 목3, 목13 / 기초교양 / "
영어와비판적사고,0APR1195,21,2.0,전하영,"월4, 금13",기초교양, ,"영어와비판적사고 / 0APR1195 / 21 / 2.0 / 전하영 / 월4, 금13 / 기초교양 / "
영어와비판적사고,0APR1195,22,2.0,최선령,"수1, 금15",기초교양, ,"영어와비판적사고 / 0APR1195 / 22 / 2.0 / 최선령 / 수1, 금15 / 기초교양 / "
영어와비판적사고,0APR1195,23,2.0,전하영,"수1, 목15",기초교양, ,"영어와비판적사고 / 0APR1195 / 23 / 2.0 / 전하영 / 수1, 목15 / 기초교양 / "
영어와비판적사고,0APR1195,24,2.0,민주영,"월3, 수15",기초교양, ,"영어와비판적사고 / 0APR1195 / 24 / 2.0 / 민주영 / 월3, 수15 / 기초교양 / "
영어와비판적사고,0APR1195,25,2.0,최선령,"화15, 목1",기초교양, ,"영어와비판적사고 / 0APR1195 / 25 / 2.0 / 최선령 / 화15, 목1 / 기초교양 / "
영어와비판적사고,0APR1195,26,2.0,최선령,"월15, 수3",기초교양, ,"영어와비판적사고 / 0APR1195 / 26 / 2.0 / 최선령 / 월15, 수3 / 기초교양 / "
영어와비판적사고,0APR1195,27,2.0,최선령,"화5, 금14",기초교양, ,"영어와비판적사고 / 0APR1195 / 27 / 2.0 / 최선령 / 화5, 금14 / 기초교양 / "
영어와비판적사고,0APR1195,28,2.0,김혜경,"월14, 수3",기초교양, ,"영어와비판적사고 / 0APR1195 / 28 / 2.0 / 김혜경 / 월14, 수3 / 기초교양 / "
영어와비판적사고,0APR1195,29,2.0,전하영,"화14, 수5",기초교양, ,"영어와비판적사고 / 0APR1195 / 29 / 2.0 / 전하영 / 화14, 수5 / 기초교양 / "
영어와비판적사고,0APR1195,32,2.0,오복남,"월13, 화5",기초교양, ,"영어와비판적사고 / 0APR1195 / 32 / 2.0 / 오복남 / 월13, 화5 / 기초교양 / "
영어와비판적사고,0APR1195,35,2.0,최선령,"목3, 목13",기초교양, ,"영어와비판적사고 / 0APR1195 / 35 / 2.0 / 최선령 / 목3, 목13 / 기초교양 / "
영어와비판적사고,0APR1195,36,2.0,김혜경,"월4, 금13",기초교양, ,"영어와비판적사고 / 0APR1195 / 36 / 2.0 / 김혜경 / 월4, 금13 / 기초교양 / "
대학영어회화1,0APR1171,1,2.0,이혜빈,월1~2,기초교양, ,대학영어회화1 / 0APR1171 / 1 / 2.0 / 이혜빈 / 월1~2 / 기초교양 / 
대학영어회화1,0APR1171,2,2.0,데렉 존 토마스,월1~2,기초교양, ,대학영어회화1 / 0APR1171 / 2 / 2.0 / 데렉 존 토마스 / 월1~2 / 기초교양 / 
대학영어회화1,0APR1171,3,2.0,데이비드 데보라,월5~6,기초교양, ,대학영어회화1 / 0APR1171 / 3 / 2.0 / 데이비드 데보라 / 월5~6 / 기초교양 / 
대학영어회화1,0APR1171,4,2.0,이혜빈,월5~6,기초교양, ,대학영어회화1 / 0APR1171 / 4 / 2.0 / 이혜빈 / 월5~6 / 기초교양 / 
대학영어회화1,0APR1171,5,2.0,지맥심,월5~6,기초교양, ,대학영어회화1 / 0APR1171 / 5 / 2.0 / 지맥심 / 월5~6 / 기초교양 / 
대학영어회화1,0APR1171,6,2.0,스테판,월5~6,기초교양, ,대학영어회화1 / 0APR1171 / 6 / 2.0 / 스테판 / 월5~6 / 기초교양 / 
대학영어회화1,0APR1171,7,2.0,허친슨,월5~6,기초교양, ,대학영어회화1 / 0APR1171 / 7 / 2.0 / 허친슨 / 월5~6 / 기초교양 / 
대학영어회화1,0APR1171,8,2.0,데렉 존 토마스,월7~8,기초교양, ,대학영어회화1 / 0APR1171 / 8 / 2.0 / 데렉 존 토마스 / 월7~8 / 기초교양 / 
대학영어회화1,0APR1171,9,2.0,지맥심,월7~8,기초교양, ,대학영어회화1 / 0APR1171 / 9 / 2.0 / 지맥심 / 월7~8 / 기초교양 / 
대학영어회화1,0APR1171,10,2.0,캐스퍼,월7~8,기초교양, ,대학영어회화1 / 0APR1171 / 10 / 2.0 / 캐스퍼 / 월7~8 / 기초교양 / 
대학영어회화1,0APR1171,11,2.0,로나 워싱턴,월7~8,기초교양, ,대학영어회화1 / 0APR1171 / 11 / 2.0 / 로나 워싱턴 / 월7~8 / 기초교양 / 
대학영어회화1,0APR1171,12,2.0,알렉산더,화5~6,기초교양, ,대학영어회화1 / 0APR1171 / 12 / 2.0 / 알렉산더 / 화5~6 / 기초교양 / 
대학영어회화1,0APR1171,13,2.0,이혜빈,화5~6,기초교양, ,대학영어회화1 / 0APR1171 / 13 / 2.0 / 이혜빈 / 화5~6 / 기초교양 / 
대학영어회화1,0APR1171,14,2.0,데렉 존 토마스,화5~6,기초교양, ,대학영어회화1 / 0APR1171 / 14 / 2.0 / 데렉 존 토마스 / 화5~6 / 기초교양 / 
대학영어회화1,0APR1171,15,2.0,지맥심,화5~6,기초교양, ,대학영어회화1 / 0APR1171 / 15 / 2.0 / 지맥심 / 화5~6 / 기초교양 / 
대학영어회화1,0APR1171,16,2.0,로나 워싱턴,화5~6,기초교양, ,대학영어회화1 / 0APR1171 / 16 / 2.0 / 로나 워싱턴 / 화5~6 / 기초교양 / 
대학영어회화1,0APR1171,17,2.0,아산티 매튜,화5~6,기초교양, ,대학영어회화1 / 0APR1171 / 17 / 2.0 / 아산티 매튜 / 화5~6 / 기초교양 / 
대학영어회화1,0APR1171,18,2.0,스테판,화5~6,기초교양, ,대학영어회화1 / 0APR1171 / 18 / 2.0 / 스테판 / 화5~6 / 기초교양 / 
대학영어회화1,0APR1171,19,2.0,사무엘,화5~6,기초교양, ,대학영어회화1 / 0APR1171 / 19 / 2.0 / 사무엘 / 화5~6 / 기초교양 / 
대학영어회화1,0APR1171,20,2.0,데이비드 데보라,수1~2,기초교양, ,대학영어회화1 / 0APR1171 / 20 / 2.0 / 데이비드 데보라 / 수1~2 / 기초교양 / 
대학영어회화1,0APR1171,21,2.0,켄딕슨,수1~2,기초교양, ,대학영어회화1 / 0APR1171 / 21 / 2.0 / 켄딕슨 / 수1~2 / 기초교양 / 
대학영어회화1,0APR1171,22,2.0,스테판,수1~2,기초교양, ,대학영어회화1 / 0APR1171 / 22 / 2.0 / 스테판 / 수1~2 / 기초교양 / 
대학영어회화1,0APR1171,23,2.0,데이비드 데보라,수7~8,기초교양, ,대학영어회화1 / 0APR1171 / 23 / 2.0 / 데이비드 데보라 / 수7~8 / 기초교양 / 
대학영어회화1,0APR1171,24,2.0,켄딕슨,수7~8,기초교양, ,대학영어회화1 / 0APR1171 / 24 / 2.0 / 켄딕슨 / 수7~8 / 기초교양 / 
대학영어회화1,0APR1171,25,2.0,데렉 존 토마스,월3~4,기초교양, ,대학영어회화1 / 0APR1171 / 25 / 2.0 / 데렉 존 토마스 / 월3~4 / 기초교양 / 
대학영어회화1,0APR1171,26,2.0,로나 워싱턴,월3~4,기초교양, ,대학영어회화1 / 0APR1171 / 26 / 2.0 / 로나 워싱턴 / 월3~4 / 기초교양 / 
대학영어회화1,0APR1171,27,2.0,스테판,월3~4,기초교양, ,대학영어회화1 / 0APR1171 / 27 / 2.0 / 스테판 / 월3~4 / 기초교양 / 
대학영어회화1,0APR1171,28,2.0,데렉 존 토마스,목1~2,기초교양, ,대학영어회화1 / 0APR1171 / 28 / 2.0 / 데렉 존 토마스 / 목1~2 / 기초교양 / 
대학영어회화1,0APR1171,29,2.0,캐스퍼,목1~2,기초교양, ,대학영어회화1 / 0APR1171 / 29 / 2.0 / 캐스퍼 / 목1~2 / 기초교양 / 
대학영어회화1,0APR1171,30,2.0,로나 워싱턴,목1~2,기초교양, ,대학영어회화1 / 0APR1171 / 30 / 2.0 / 로나 워싱턴 / 목1~2 / 기초교양 / 
대학영어회화1,0APR1171,31,2.0,아산티 매튜,목1~2,기초교양, ,대학영어회화1 / 0APR1171 / 31 / 2.0 / 아산티 매튜 / 목1~2 / 기초교양 / 
대학영어회화1,0APR1171,32,2.0,사무엘,목1~2,기초교양, ,대학영어회화1 / 0APR1171 / 32 / 2.0 / 사무엘 / 목1~2 / 기초교양 / 
대학영어회화1,0APR1171,33,2.0,다니엘와이버그,월1~2,기초교양, ,대학영어회화1 / 0APR1171 / 33 / 2.0 / 다니엘와이버그 / 월1~2 / 기초교양 / 
대학영어회화1,0APR1171,34,2.0,브라이언,월1~2,기초교양, ,대학영어회화1 / 0APR1171 / 34 / 2.0 / 브라이언 / 월1~2 / 기초교양 / 
대학영어회화1,0APR1171,35,2.0,켄딕슨,월1~2,기초교양, ,대학영어회화1 / 0APR1171 / 35 / 2.0 / 켄딕슨 / 월1~2 / 기초교양 / 
대학영어회화1,0APR1171,36,2.0,매튜,월1~2,기초교양, ,대학영어회화1 / 0APR1171 / 36 / 2.0 / 매튜 / 월1~2 / 기초교양 / 
대학영어회화1,0APR1171,37,2.0,다니엘베리,월1~2,기초교양, ,대학영어회화1 / 0APR1171 / 37 / 2.0 / 다니엘베리 / 월1~2 / 기초교양 / 
대학영어회화1,0APR1171,38,2.0,바이런,월1~2,기초교양, ,대학영어회화1 / 0APR1171 / 38 / 2.0 / 바이런 / 월1~2 / 기초교양 / 
대학영어회화1,0APR1171,39,2.0,마이클,월1~2,기초교양, ,대학영어회화1 / 0APR1171 / 39 / 2.0 / 마이클 / 월1~2 / 기초교양 / 
대학영어회화1,0APR1171,40,2.0,최승준,월1~2,기초교양, ,대학영어회화1 / 0APR1171 / 40 / 2.0 / 최승준 / 월1~2 / 기초교양 / 
대학영어회화1,0APR1171,41,2.0,제임스,월1~2,기초교양, ,대학영어회화1 / 0APR1171 / 41 / 2.0 / 제임스 / 월1~2 / 기초교양 / 
대학영어회화1,0APR1171,42,2.0,피터안토니,월1~2,기초교양, ,대학영어회화1 / 0APR1171 / 42 / 2.0 / 피터안토니 / 월1~2 / 기초교양 / 
대학영어회화1,0APR1171,43,2.0,텐진 버제스,월1~2,기초교양, ,대학영어회화1 / 0APR1171 / 43 / 2.0 / 텐진 버제스 / 월1~2 / 기초교양 / 
대학영어회화1,0APR1171,44,2.0,다니엘와이버그,월5~6,기초교양, ,대학영어회화1 / 0APR1171 / 44 / 2.0 / 다니엘와이버그 / 월5~6 / 기초교양 / 
대학영어회화1,0APR1171,45,2.0,브라이언,월5~6,기초교양, ,대학영어회화1 / 0APR1171 / 45 / 2.0 / 브라이언 / 월5~6 / 기초교양 / 
대학영어회화1,0APR1171,46,2.0,켄딕슨,월5~6,기초교양, ,대학영어회화1 / 0APR1171 / 46 / 2.0 / 켄딕슨 / 월5~6 / 기초교양 / 
대학영어회화1,0APR1171,47,2.0,매튜,월5~6,기초교양, ,대학영어회화1 / 0APR1171 / 47 / 2.0 / 매튜 / 월5~6 / 기초교양 / 
대학영어회화1,0APR1171,48,2.0,다니엘베리,월5~6,기초교양, ,대학영어회화1 / 0APR1171 / 48 / 2.0 / 다니엘베리 / 월5~6 / 기초교양 / 
대학영어회화1,0APR1171,49,2.0,바이런,월5~6,기초교양, ,대학영어회화1 / 0APR1171 / 49 / 2.0 / 바이런 / 월5~6 / 기초교양 / 
대학영어회화1,0APR1171,50,2.0,마이클,월5~6,기초교양, ,대학영어회화1 / 0APR1171 / 50 / 2.0 / 마이클 / 월5~6 / 기초교양 / 
대학영어회화1,0APR1171,51,2.0,최승준,월5~6,기초교양, ,대학영어회화1 / 0APR1171 / 51 / 2.0 / 최승준 / 월5~6 / 기초교양 / 
대학영어회화1,0APR1171,52,2.0,제임스,월5~6,기초교양, ,대학영어회화1 / 0APR1171 / 52 / 2.0 / 제임스 / 월5~6 / 기초교양 / 
대학영어회화1,0APR1171,53,2.0,피터안토니,월5~6,기초교양, ,대학영어회화1 / 0APR1171 / 53 / 2.0 / 피터안토니 / 월5~6 / 기초교양 / 
대학영어회화1,0APR1171,54,2.0,벤자민 스웬슨,월5~6,기초교양, ,대학영어회화1 / 0APR1171 / 54 / 2.0 / 벤자민 스웬슨 / 월5~6 / 기초교양 / 
대학영어회화1,0APR1171,55,2.0,텐진 버제스,월5~6,기초교양, ,대학영어회화1 / 0APR1171 / 55 / 2.0 / 텐진 버제스 / 월5~6 / 기초교양 / 
대학영어회화1,0APR1171,56,2.0,다니엘베리,월7~8,기초교양, ,대학영어회화1 / 0APR1171 / 56 / 2.0 / 다니엘베리 / 월7~8 / 기초교양 / 
대학영어회화1,0APR1171,57,2.0,바이런,월7~8,기초교양, ,대학영어회화1 / 0APR1171 / 57 / 2.0 / 바이런 / 월7~8 / 기초교양 / 
대학영어회화1,0APR1171,58,2.0,마이클,월7~8,기초교양, ,대학영어회화1 / 0APR1171 / 58 / 2.0 / 마이클 / 월7~8 / 기초교양 / 
대학영어회화1,0APR1171,59,2.0,유진박,월7~8,기초교양, ,대학영어회화1 / 0APR1171 / 59 / 2.0 / 유진박 / 월7~8 / 기초교양 / 
대학영어회화1,0APR1171,60,2.0,최승준,월7~8,기초교양, ,대학영어회화1 / 0APR1171 / 60 / 2.0 / 최승준 / 월7~8 / 기초교양 / 
대학영어회화1,0APR1171,61,2.0,피터안토니,월7~8,기초교양, ,대학영어회화1 / 0APR1171 / 61 / 2.0 / 피터안토니 / 월7~8 / 기초교양 / 
대학영어회화1,0APR1171,62,2.0,벤자민 스웬슨,월7~8,기초교양, ,대학영어회화1 / 0APR1171 / 62 / 2.0 / 벤자민 스웬슨 / 월7~8 / 기초교양 / 
대학영어회화1,0APR1171,63,2.0,텐진 버제스,월7~8,기초교양, ,대학영어회화1 / 0APR1171 / 63 / 2.0 / 텐진 버제스 / 월7~8 / 기초교양 / 
대학영어회화1,0APR1171,64,2.0,조나단 레이커,월7~8,기초교양, ,대학영어회화1 / 0APR1171 / 64 / 2.0 / 조나단 레이커 / 월7~8 / 기초교양 / 
대학영어회화1,0APR1171,65,2.0,알렉산더,월7~8,기초교양, ,대학영어회화1 / 0APR1171 / 65 / 2.0 / 알렉산더 / 월7~8 / 기초교양 / 
대학영어회화1,0APR1171,66,2.0,브라이언,월7~8,기초교양, ,대학영어회화1 / 0APR1171 / 66 / 2.0 / 브라이언 / 월7~8 / 기초교양 / 
대학영어회화1,0APR1171,67,2.0,바이런,화1~2,기초교양, ,대학영어회화1 / 0APR1171 / 67 / 2.0 / 바이런 / 화1~2 / 기초교양 / 
대학영어회화1,0APR1171,68,2.0,유진박,화1~2,기초교양, ,대학영어회화1 / 0APR1171 / 68 / 2.0 / 유진박 / 화1~2 / 기초교양 / 
대학영어회화1,0APR1171,69,2.0,권지영,화1~2,기초교양, ,대학영어회화1 / 0APR1171 / 69 / 2.0 / 권지영 / 화1~2 / 기초교양 / 
대학영어회화1,0APR1171,70,2.0,피터안토니,화1~2,기초교양, ,대학영어회화1 / 0APR1171 / 70 / 2.0 / 피터안토니 / 화1~2 / 기초교양 / 
대학영어회화1,0APR1171,71,2.0,벤자민 스웬슨,화1~2,기초교양, ,대학영어회화1 / 0APR1171 / 71 / 2.0 / 벤자민 스웬슨 / 화1~2 / 기초교양 / 
대학영어회화1,0APR1171,72,2.0,텐진 버제스,화1~2,기초교양, ,대학영어회화1 / 0APR1171 / 72 / 2.0 / 텐진 버제스 / 화1~2 / 기초교양 / 
대학영어회화1,0APR1171,73,2.0,조나단 레이커,화1~2,기초교양, ,대학영어회화1 / 0APR1171 / 73 / 2.0 / 조나단 레이커 / 화1~2 / 기초교양 / 
대학영어회화1,0APR1171,74,2.0,브라이언,화5~6,기초교양, ,대학영어회화1 / 0APR1171 / 74 / 2.0 / 브라이언 / 화5~6 / 기초교양 / 
대학영어회화1,0APR1171,75,2.0,마이클,화5~6,기초교양, ,대학영어회화1 / 0APR1171 / 75 / 2.0 / 마이클 / 화5~6 / 기초교양 / 
대학영어회화1,0APR1171,76,2.0,벤자민 스웬슨,화5~6,기초교양, ,대학영어회화1 / 0APR1171 / 76 / 2.0 / 벤자민 스웬슨 / 화5~6 / 기초교양 / 
대학영어회화1,0APR1171,77,2.0,텐진 버제스,화5~6,기초교양, ,대학영어회화1 / 0APR1171 / 77 / 2.0 / 텐진 버제스 / 화5~6 / 기초교양 / 
대학영어회화1,0APR1171,78,2.0,조나단 레이커,화5~6,기초교양, ,대학영어회화1 / 0APR1171 / 78 / 2.0 / 조나단 레이커 / 화5~6 / 기초교양 / 
대학영어회화1,0APR1171,79,2.0,제임스,화5~6,기초교양, ,대학영어회화1 / 0APR1171 / 79 / 2.0 / 제임스 / 화5~6 / 기초교양 / 
대학영어회화1,0APR1171,80,2.0,권지영,수1~2,기초교양, ,대학영어회화1 / 0APR1171 / 80 / 2.0 / 권지영 / 수1~2 / 기초교양 / 
대학영어회화1,0APR1171,81,2.0,다니엘베리,수1~2,기초교양, ,대학영어회화1 / 0APR1171 / 81 / 2.0 / 다니엘베리 / 수1~2 / 기초교양 / 
대학영어회화1,0APR1171,82,2.0,바이런,수1~2,기초교양, ,대학영어회화1 / 0APR1171 / 82 / 2.0 / 바이런 / 수1~2 / 기초교양 / 
대학영어회화1,0APR1171,83,2.0,마이클,수1~2,기초교양, ,대학영어회화1 / 0APR1171 / 83 / 2.0 / 마이클 / 수1~2 / 기초교양 / 
대학영어회화1,0APR1171,84,2.0,제임스,수1~2,기초교양, ,대학영어회화1 / 0APR1171 / 84 / 2.0 / 제임스 / 수1~2 / 기초교양 / 
대학영어회화1,0APR1171,85,2.0,피터안토니,수1~2,기초교양, ,대학영어회화1 / 0APR1171 / 85 / 2.0 / 피터안토니 / 수1~2 / 기초교양 / 
대학영어회화1,0APR1171,86,2.0,벤자민 스웬슨,수1~2,기초교양, ,대학영어회화1 / 0APR1171 / 86 / 2.0 / 벤자민 스웬슨 / 수1~2 / 기초교양 / 
대학영어회화1,0APR1171,87,2.0,마이클,수5~6,기초교양, ,대학영어회화1 / 0APR1171 / 87 / 2.0 / 마이클 / 수5~6 / 기초교양 / 
대학영어회화1,0APR1171,88,2.0,텐진 버제스,수5~6,기초교양, ,대학영어회화1 / 0APR1171 / 88 / 2.0 / 텐진 버제스 / 수5~6 / 기초교양 / 
대학영어회화1,0APR1171,89,2.0,최승준,수5~6,기초교양, ,대학영어회화1 / 0APR1171 / 89 / 2.0 / 최승준 / 수5~6 / 기초교양 / 
대학영어회화1,0APR1171,90,2.0,바이런,수7~8,기초교양, ,대학영어회화1 / 0APR1171 / 90 / 2.0 / 바이런 / 수7~8 / 기초교양 / 
대학영어회화1,0APR1171,91,2.0,유진박,수7~8,기초교양, ,대학영어회화1 / 0APR1171 / 91 / 2.0 / 유진박 / 수7~8 / 기초교양 / 
대학영어회화1,0APR1171,92,2.0,최승준,수7~8,기초교양, ,대학영어회화1 / 0APR1171 / 92 / 2.0 / 최승준 / 수7~8 / 기초교양 / 
대학영어회화1,0APR1171,93,2.0,제임스,수7~8,기초교양, ,대학영어회화1 / 0APR1171 / 93 / 2.0 / 제임스 / 수7~8 / 기초교양 / 
대학영어회화1,0APR1171,94,2.0,피터안토니,수7~8,기초교양, ,대학영어회화1 / 0APR1171 / 94 / 2.0 / 피터안토니 / 수7~8 / 기초교양 / 
대학영어회화1,0APR1171,95,2.0,다니엘와이버그,목1~2,기초교양, ,대학영어회화1 / 0APR1171 / 95 / 2.0 / 다니엘와이버그 / 목1~2 / 기초교양 / 
대학영어회화1,0APR1171,96,2.0,브라이언,목1~2,기초교양, ,대학영어회화1 / 0APR1171 / 96 / 2.0 / 브라이언 / 목1~2 / 기초교양 / 
대학영어회화1,0APR1171,97,2.0,켄딕슨,목1~2,기초교양, ,대학영어회화1 / 0APR1171 / 97 / 2.0 / 켄딕슨 / 목1~2 / 기초교양 / 
대학영어회화1,0APR1171,98,2.0,다니엘베리,목1~2,기초교양, ,대학영어회화1 / 0APR1171 / 98 / 2.0 / 다니엘베리 / 목1~2 / 기초교양 / 
대학영어회화1,0APR1171,99,2.0,다니엘와이버그,목3~4,기초교양, ,대학영어회화1 / 0APR1171 / 99 / 2.0 / 다니엘와이버그 / 목3~4 / 기초교양 / 
대학영어회화1,0APR1171,A0,2.0,브라이언,목3~4,기초교양, ,대학영어회화1 / 0APR1171 / A0 / 2.0 / 브라이언 / 목3~4 / 기초교양 / 
대학영어회화1,0APR1171,A1,2.0,매튜,목3~4,기초교양, ,대학영어회화1 / 0APR1171 / A1 / 2.0 / 매튜 / 목3~4 / 기초교양 / 
대학영어회화1,0APR1171,A2,2.0,다니엘베리,목3~4,기초교양, ,대학영어회화1 / 0APR1171 / A2 / 2.0 / 다니엘베리 / 목3~4 / 기초교양 / 
대학영어회화1,0APR1171,A3,2.0,유진박,목3~4,기초교양, ,대학영어회화1 / 0APR1171 / A3 / 2.0 / 유진박 / 목3~4 / 기초교양 / 
대학영어회화1,0APR1171,A4,2.0,최승준,목3~4,기초교양, ,대학영어회화1 / 0APR1171 / A4 / 2.0 / 최승준 / 목3~4 / 기초교양 / 
대학영어회화1,0APR1171,A5,2.0,조나단 레이커,목3~4,기초교양, ,대학영어회화1 / 0APR1171 / A5 / 2.0 / 조나단 레이커 / 목3~4 / 기초교양 / 
대학영어회화1,0APR1171,A6,2.0,권지영,목3~4,기초교양, ,대학영어회화1 / 0APR1171 / A6 / 2.0 / 권지영 / 목3~4 / 기초교양 / 
대학영어회화1,0APR1171,A7,2.0,허친슨,목3~4,기초교양, ,대학영어회화1 / 0APR1171 / A7 / 2.0 / 허친슨 / 목3~4 / 기초교양 / 
대학영어회화1,0APR1171,A8,2.0,켄딕슨,목5~6,기초교양, ,대학영어회화1 / 0APR1171 / A8 / 2.0 / 켄딕슨 / 목5~6 / 기초교양 / 
대학영어회화1,0APR1171,A9,2.0,제임스,목5~6,기초교양, ,대학영어회화1 / 0APR1171 / A9 / 2.0 / 제임스 / 목5~6 / 기초교양 / 
대학영어회화1,0APR1171,B0,2.0,제임스,목7~8,기초교양, ,대학영어회화1 / 0APR1171 / B0 / 2.0 / 제임스 / 목7~8 / 기초교양 / 
대학영어회화1,0APR1171,B1,2.0,매튜,목7~8,기초교양, ,대학영어회화1 / 0APR1171 / B1 / 2.0 / 매튜 / 목7~8 / 기초교양 / 
대학영어회화1,0APR1171,B2,2.0,유진박,목7~8,기초교양, ,대학영어회화1 / 0APR1171 / B2 / 2.0 / 유진박 / 목7~8 / 기초교양 / 
대학영어회화1,0APR1171,B3,2.0,벤자민 스웬슨,수7~8,기초교양, ,대학영어회화1 / 0APR1171 / B3 / 2.0 / 벤자민 스웬슨 / 수7~8 / 기초교양 / 
대학영어회화1,0APR1171,B4,2.0,텐진 버제스,수7~8,기초교양, ,대학영어회화1 / 0APR1171 / B4 / 2.0 / 텐진 버제스 / 수7~8 / 기초교양 / 
대학영어회화1,0APR1171,C0,2.0,네일,월1~2,기초교양, ,대학영어회화1 / 0APR1171 / C0 / 2.0 / 네일 / 월1~2 / 기초교양 / 
대학영어회화1,0APR1171,C1,2.0,네일,월3~4,기초교양, ,대학영어회화1 / 0APR1171 / C1 / 2.0 / 네일 / 월3~4 / 기초교양 / 
대학영어회화1,0APR1171,C2,2.0,네일,수1~2,기초교양, ,대학영어회화1 / 0APR1171 / C2 / 2.0 / 네일 / 수1~2 / 기초교양 / 
대학영어회화1,0APR1171,C3,2.0,네일,목1~2,기초교양, ,대학영어회화1 / 0APR1171 / C3 / 2.0 / 네일 / 목1~2 / 기초교양 / 
대학영어회화1,0APR1171,C4,2.0,네일,목3~4,기초교양, ,대학영어회화1 / 0APR1171 / C4 / 2.0 / 네일 / 목3~4 / 기초교양 / 
대학영어회화1,0APR1171,C5,2.0,권지영,화3~4,기초교양, ,대학영어회화1 / 0APR1171 / C5 / 2.0 / 권지영 / 화3~4 / 기초교양 / 
대학영어회화1,0APR1171,B5,2.0,지맥심,수3~4,기초교양, ,대학영어회화1 / 0APR1171 / B5 / 2.0 / 지맥심 / 수3~4 / 기초교양 / 
대학영어회화2,0APR1178,1,2.0,캐스퍼,월5~6,기초교양, ,대학영어회화2 / 0APR1178 / 1 / 2.0 / 캐스퍼 / 월5~6 / 기초교양 / 
대학영어회화2,0APR1178,2,2.0,아산티 매튜,월5~6,기초교양, ,대학영어회화2 / 0APR1178 / 2 / 2.0 / 아산티 매튜 / 월5~6 / 기초교양 / 
대학영어회화2,0APR1178,3,2.0,사무엘,월5~6,기초교양, ,대학영어회화2 / 0APR1178 / 3 / 2.0 / 사무엘 / 월5~6 / 기초교양 / 
대학영어회화2,0APR1178,4,2.0,데이비드 데보라,월7~8,기초교양, ,대학영어회화2 / 0APR1178 / 4 / 2.0 / 데이비드 데보라 / 월7~8 / 기초교양 / 
대학영어회화2,0APR1178,5,2.0,아산티 매튜,월7~8,기초교양, ,대학영어회화2 / 0APR1178 / 5 / 2.0 / 아산티 매튜 / 월7~8 / 기초교양 / 
대학영어회화2,0APR1178,6,2.0,허친슨,월7~8,기초교양, ,대학영어회화2 / 0APR1178 / 6 / 2.0 / 허친슨 / 월7~8 / 기초교양 / 
대학영어회화2,0APR1178,7,2.0,사무엘,월7~8,기초교양, ,대학영어회화2 / 0APR1178 / 7 / 2.0 / 사무엘 / 월7~8 / 기초교양 / 
대학영어회화2,0APR1178,8,2.0,알렉산더,화1~2,기초교양, ,대학영어회화2 / 0APR1178 / 8 / 2.0 / 알렉산더 / 화1~2 / 기초교양 / 
대학영어회화2,0APR1178,9,2.0,사무엘,화1~2,기초교양, ,대학영어회화2 / 0APR1178 / 9 / 2.0 / 사무엘 / 화1~2 / 기초교양 / 
대학영어회화2,0APR1178,10,2.0,이혜빈,화1~2,기초교양, ,대학영어회화2 / 0APR1178 / 10 / 2.0 / 이혜빈 / 화1~2 / 기초교양 / 
대학영어회화2,0APR1178,11,2.0,데렉 존 토마스,화1~2,기초교양, ,대학영어회화2 / 0APR1178 / 11 / 2.0 / 데렉 존 토마스 / 화1~2 / 기초교양 / 
대학영어회화2,0APR1178,12,2.0,지맥심,화1~2,기초교양, ,대학영어회화2 / 0APR1178 / 12 / 2.0 / 지맥심 / 화1~2 / 기초교양 / 
대학영어회화2,0APR1178,13,2.0,알렉산더,화7~8,기초교양, ,대학영어회화2 / 0APR1178 / 13 / 2.0 / 알렉산더 / 화7~8 / 기초교양 / 
대학영어회화2,0APR1178,14,2.0,이혜빈,화7~8,기초교양, ,대학영어회화2 / 0APR1178 / 14 / 2.0 / 이혜빈 / 화7~8 / 기초교양 / 
대학영어회화2,0APR1178,15,2.0,지맥심,화7~8,기초교양, ,대학영어회화2 / 0APR1178 / 15 / 2.0 / 지맥심 / 화7~8 / 기초교양 / 
대학영어회화2,0APR1178,16,2.0,캐스퍼,화7~8,기초교양, ,대학영어회화2 / 0APR1178 / 16 / 2.0 / 캐스퍼 / 화7~8 / 기초교양 / 
대학영어회화2,0APR1178,17,2.0,로나 워싱턴,화7~8,기초교양, ,대학영어회화2 / 0APR1178 / 17 / 2.0 / 로나 워싱턴 / 화7~8 / 기초교양 / 
대학영어회화2,0APR1178,18,2.0,아산티 매튜,화7~8,기초교양, ,대학영어회화2 / 0APR1178 / 18 / 2.0 / 아산티 매튜 / 화7~8 / 기초교양 / 
대학영어회화2,0APR1178,19,2.0,스테판,화7~8,기초교양, ,대학영어회화2 / 0APR1178 / 19 / 2.0 / 스테판 / 화7~8 / 기초교양 / 
대학영어회화2,0APR1178,20,2.0,사무엘,화7~8,기초교양, ,대학영어회화2 / 0APR1178 / 20 / 2.0 / 사무엘 / 화7~8 / 기초교양 / 
대학영어회화2,0APR1178,21,2.0,이혜빈,수1~2,기초교양, ,대학영어회화2 / 0APR1178 / 21 / 2.0 / 이혜빈 / 수1~2 / 기초교양 / 
대학영어회화2,0APR1178,22,2.0,캐스퍼,수1~2,기초교양, ,대학영어회화2 / 0APR1178 / 22 / 2.0 / 캐스퍼 / 수1~2 / 기초교양 / 
대학영어회화2,0APR1178,23,2.0,허친슨,수1~2,기초교양, ,대학영어회화2 / 0APR1178 / 23 / 2.0 / 허친슨 / 수1~2 / 기초교양 / 
대학영어회화2,0APR1178,24,2.0,아산티 매튜,수1~2,기초교양, ,대학영어회화2 / 0APR1178 / 24 / 2.0 / 아산티 매튜 / 수1~2 / 기초교양 / 
대학영어회화2,0APR1178,25,2.0,데이비드데보라,수3~4,기초교양, ,대학영어회화2 / 0APR1178 / 25 / 2.0 / 데이비드데보라 / 수3~4 / 기초교양 / 
대학영어회화2,0APR1178,26,2.0,켄딕슨,수3~4,기초교양, ,대학영어회화2 / 0APR1178 / 26 / 2.0 / 켄딕슨 / 수3~4 / 기초교양 / 
대학영어회화2,0APR1178,27,2.0,이혜빈,수3~4,기초교양, ,대학영어회화2 / 0APR1178 / 27 / 2.0 / 이혜빈 / 수3~4 / 기초교양 / 
대학영어회화2,0APR1178,28,2.0,캐스퍼,월1~2,기초교양, ,대학영어회화2 / 0APR1178 / 28 / 2.0 / 캐스퍼 / 월1~2 / 기초교양 / 
대학영어회화2,0APR1178,29,2.0,로나 워싱턴,월1~2,기초교양, ,대학영어회화2 / 0APR1178 / 29 / 2.0 / 로나 워싱턴 / 월1~2 / 기초교양 / 
대학영어회화2,0APR1178,30,2.0,아산티 매튜,월1~2,기초교양, ,대학영어회화2 / 0APR1178 / 30 / 2.0 / 아산티 매튜 / 월1~2 / 기초교양 / 
대학영어회화2,0APR1178,31,2.0,이혜빈,목3~4,기초교양, ,대학영어회화2 / 0APR1178 / 31 / 2.0 / 이혜빈 / 목3~4 / 기초교양 / 
대학영어회화2,0APR1178,32,2.0,데렉 존 토마스,목3~4,기초교양, ,대학영어회화2 / 0APR1178 / 32 / 2.0 / 데렉 존 토마스 / 목3~4 / 기초교양 / 
대학영어회화2,0APR1178,33,2.0,캐스퍼,목3~4,기초교양, ,대학영어회화2 / 0APR1178 / 33 / 2.0 / 캐스퍼 / 목3~4 / 기초교양 / 
대학영어회화2,0APR1178,34,2.0,아산티 매튜,목3~4,기초교양, ,대학영어회화2 / 0APR1178 / 34 / 2.0 / 아산티 매튜 / 목3~4 / 기초교양 / 
대학영어회화2,0APR1178,35,2.0,사무엘,목3~4,기초교양, ,대학영어회화2 / 0APR1178 / 35 / 2.0 / 사무엘 / 목3~4 / 기초교양 / 
대학영어회화2,0APR1178,36,2.0,조나단 레이커,월1~2,기초교양, ,대학영어회화2 / 0APR1178 / 36 / 2.0 / 조나단 레이커 / 월1~2 / 기초교양 / 
대학영어회화2,0APR1178,37,2.0,권지영,월1~2,기초교양, ,대학영어회화2 / 0APR1178 / 37 / 2.0 / 권지영 / 월1~2 / 기초교양 / 
대학영어회화2,0APR1178,38,2.0,조나단 레이커,월5~6,기초교양, ,대학영어회화2 / 0APR1178 / 38 / 2.0 / 조나단 레이커 / 월5~6 / 기초교양 / 
대학영어회화2,0APR1178,39,2.0,알렉산더,월5~6,기초교양, ,대학영어회화2 / 0APR1178 / 39 / 2.0 / 알렉산더 / 월5~6 / 기초교양 / 
대학영어회화2,0APR1178,40,2.0,유진박,월5~6,기초교양, ,대학영어회화2 / 0APR1178 / 40 / 2.0 / 유진박 / 월5~6 / 기초교양 / 
대학영어회화2,0APR1178,41,2.0,다니엘와이버그,화1~2,기초교양, ,대학영어회화2 / 0APR1178 / 41 / 2.0 / 다니엘와이버그 / 화1~2 / 기초교양 / 
대학영어회화2,0APR1178,42,2.0,켄딕슨,화1~2,기초교양, ,대학영어회화2 / 0APR1178 / 42 / 2.0 / 켄딕슨 / 화1~2 / 기초교양 / 
대학영어회화2,0APR1178,43,2.0,바이런,화7~8,기초교양, ,대학영어회화2 / 0APR1178 / 43 / 2.0 / 바이런 / 화7~8 / 기초교양 / 
대학영어회화2,0APR1178,44,2.0,마이클,화7~8,기초교양, ,대학영어회화2 / 0APR1178 / 44 / 2.0 / 마이클 / 화7~8 / 기초교양 / 
대학영어회화2,0APR1178,45,2.0,유진박,화7~8,기초교양, ,대학영어회화2 / 0APR1178 / 45 / 2.0 / 유진박 / 화7~8 / 기초교양 / 
대학영어회화2,0APR1178,46,2.0,제임스,화7~8,기초교양, ,대학영어회화2 / 0APR1178 / 46 / 2.0 / 제임스 / 화7~8 / 기초교양 / 
대학영어회화2,0APR1178,47,2.0,피터안토니,화7~8,기초교양, ,대학영어회화2 / 0APR1178 / 47 / 2.0 / 피터안토니 / 화7~8 / 기초교양 / 
대학영어회화2,0APR1178,48,2.0,매튜,수5~6,기초교양, ,대학영어회화2 / 0APR1178 / 48 / 2.0 / 매튜 / 수5~6 / 기초교양 / 
대학영어회화2,0APR1178,49,2.0,다니엘베리,수5~6,기초교양, ,대학영어회화2 / 0APR1178 / 49 / 2.0 / 다니엘베리 / 수5~6 / 기초교양 / 
대학영어회화2,0APR1178,50,2.0,텐진 버제스,목1~2,기초교양, ,대학영어회화2 / 0APR1178 / 50 / 2.0 / 텐진 버제스 / 목1~2 / 기초교양 / 
대학영어회화2,0APR1178,51,2.0,조나단 레이커,목1~2,기초교양, ,대학영어회화2 / 0APR1178 / 51 / 2.0 / 조나단 레이커 / 목1~2 / 기초교양 / 
대학영어회화2,0APR1178,52,2.0,권지영,목1~2,기초교양, ,대학영어회화2 / 0APR1178 / 52 / 2.0 / 권지영 / 목1~2 / 기초교양 / 
대학영어회화2,0APR1178,60,2.0,네일,화1~2,기초교양, ,대학영어회화2 / 0APR1178 / 60 / 2.0 / 네일 / 화1~2 / 기초교양 / 
대학영어회화2,0APR1178,61,2.0,네일,화3~4,기초교양, ,대학영어회화2 / 0APR1178 / 61 / 2.0 / 네일 / 화3~4 / 기초교양 / 
대학영어회화2,0APR1178,62,2.0,네일,수3~4,기초교양, ,대학영어회화2 / 0APR1178 / 62 / 2.0 / 네일 / 수3~4 / 기초교양 / 
대학영어회화2,0APR1178,63,2.0,권지영,월3~4,기초교양, ,대학영어회화2 / 0APR1178 / 63 / 2.0 / 권지영 / 월3~4 / 기초교양 / 
대학영어회화2,0APR1178,53,2.0,지맥심,수5~6,기초교양, ,대학영어회화2 / 0APR1178 / 53 / 2.0 / 지맥심 / 수5~6 / 기초교양 / 
대학영어회화2,0APR1178,54,2.0,지맥심,수7~8,기초교양, ,대학영어회화2 / 0APR1178 / 54 / 2.0 / 지맥심 / 수7~8 / 기초교양 / 
AI와컴퓨팅사고력,0APR1193,1,2.0,고윤미,"월5, 월13",기초교양, ,"AI와컴퓨팅사고력 / 0APR1193 / 1 / 2.0 / 고윤미 / 월5, 월13 / 기초교양 / "
AI와컴퓨팅사고력,0APR1193,2,2.0,조명숙,"월3, 화13",기초교양, ,"AI와컴퓨팅사고력 / 0APR1193 / 2 / 2.0 / 조명숙 / 월3, 화13 / 기초교양 / "
AI와컴퓨팅사고력,0APR1193,5,2.0,조명숙,"월4, 목13",기초교양, ,"AI와컴퓨팅사고력 / 0APR1193 / 5 / 2.0 / 조명숙 / 월4, 목13 / 기초교양 / "
AI와컴퓨팅사고력,0APR1193,6,2.0,고윤미,"월4, 금13",기초교양, ,"AI와컴퓨팅사고력 / 0APR1193 / 6 / 2.0 / 고윤미 / 월4, 금13 / 기초교양 / "
AI와컴퓨팅사고력,0APR1193,7,2.0,고윤미,"월3, 월14",기초교양, ,"AI와컴퓨팅사고력 / 0APR1193 / 7 / 2.0 / 고윤미 / 월3, 월14 / 기초교양 / "
AI와컴퓨팅사고력,0APR1193,8,2.0,조명숙,"월5, 화14",기초교양, ,"AI와컴퓨팅사고력 / 0APR1193 / 8 / 2.0 / 조명숙 / 월5, 화14 / 기초교양 / "
AI와컴퓨팅사고력,0APR1193,9,2.0,신좌철,"월4, 목14",기초교양, ,"AI와컴퓨팅사고력 / 0APR1193 / 9 / 2.0 / 신좌철 / 월4, 목14 / 기초교양 / "
AI와컴퓨팅사고력,0APR1193,10,2.0,강제신,"월2, 금14",기초교양, ,"AI와컴퓨팅사고력 / 0APR1193 / 10 / 2.0 / 강제신 / 월2, 금14 / 기초교양 / "
AI와컴퓨팅사고력,0APR1193,11,2.0,김인주,"월2, 월15",기초교양, ,"AI와컴퓨팅사고력 / 0APR1193 / 11 / 2.0 / 김인주 / 월2, 월15 / 기초교양 / "
AI와컴퓨팅사고력,0APR1193,12,2.0,김달현,"월4, 화15",기초교양, ,"AI와컴퓨팅사고력 / 0APR1193 / 12 / 2.0 / 김달현 / 월4, 화15 / 기초교양 / "
AI와컴퓨팅사고력,0APR1193,13,2.0,김인주,"월3, 목15",기초교양, ,"AI와컴퓨팅사고력 / 0APR1193 / 13 / 2.0 / 김인주 / 월3, 목15 / 기초교양 / "
AI와컴퓨팅사고력,0APR1193,14,2.0,김달현,"월5, 금15",기초교양, ,"AI와컴퓨팅사고력 / 0APR1193 / 14 / 2.0 / 김달현 / 월5, 금15 / 기초교양 / "
AI와컴퓨팅사고력,0APR1193,15,2.0,신좌철,"월5, 월13",기초교양, ,"AI와컴퓨팅사고력 / 0APR1193 / 15 / 2.0 / 신좌철 / 월5, 월13 / 기초교양 / "
AI와컴퓨팅사고력,0APR1193,16,2.0,최선주,"수5, 금15",기초교양, ,"AI와컴퓨팅사고력 / 0APR1193 / 16 / 2.0 / 최선주 / 수5, 금15 / 기초교양 / "
AI와컴퓨팅사고력,0APR1193,17,2.0,김달현,"월6, 목15",기초교양, ,"AI와컴퓨팅사고력 / 0APR1193 / 17 / 2.0 / 김달현 / 월6, 목15 / 기초교양 / "
AI와컴퓨팅사고력,0APR1193,18,2.0,신좌철,"월6, 화15",기초교양, ,"AI와컴퓨팅사고력 / 0APR1193 / 18 / 2.0 / 신좌철 / 월6, 화15 / 기초교양 / "
AI와컴퓨팅사고력,0APR1193,19,2.0,양호경,"월15, 목6",기초교양, ,"AI와컴퓨팅사고력 / 0APR1193 / 19 / 2.0 / 양호경 / 월15, 목6 / 기초교양 / "
AI와컴퓨팅사고력,0APR1193,20,2.0,권영일,"목6, 금14",기초교양, ,"AI와컴퓨팅사고력 / 0APR1193 / 20 / 2.0 / 권영일 / 목6, 금14 / 기초교양 / "
AI와컴퓨팅사고력,0APR1193,21,2.0,김인주,"월1, 목14",기초교양, ,"AI와컴퓨팅사고력 / 0APR1193 / 21 / 2.0 / 김인주 / 월1, 목14 / 기초교양 / "
AI와컴퓨팅사고력,0APR1193,22,2.0,강제신,"월1, 화13",기초교양, ,"AI와컴퓨팅사고력 / 0APR1193 / 22 / 2.0 / 강제신 / 월1, 화13 / 기초교양 / "
AI와컴퓨팅사고력,0APR1193,23,2.0,전수진,"월14, 화5",기초교양, ,"AI와컴퓨팅사고력 / 0APR1193 / 23 / 2.0 / 전수진 / 월14, 화5 / 기초교양 / "
AI와컴퓨팅사고력,0APR1193,24,2.0,유정선,"화7, 화14",기초교양, ,"AI와컴퓨팅사고력 / 0APR1193 / 24 / 2.0 / 유정선 / 화7, 화14 / 기초교양 / "
AI와컴퓨팅사고력,0APR1193,25,2.0,유정선,"화8, 금13",기초교양, ,"AI와컴퓨팅사고력 / 0APR1193 / 25 / 2.0 / 유정선 / 화8, 금13 / 기초교양 / "
AI와컴퓨팅사고력,0APR1193,26,2.0,권영일,"화15, 목7",기초교양, ,"AI와컴퓨팅사고력 / 0APR1193 / 26 / 2.0 / 권영일 / 화15, 목7 / 기초교양 / "
AI와컴퓨팅사고력,0APR1193,27,2.0,오지연,"화7, 화15",기초교양, ,"AI와컴퓨팅사고력 / 0APR1193 / 27 / 2.0 / 오지연 / 화7, 화15 / 기초교양 / "
AI와컴퓨팅사고력,0APR1193,28,2.0,전수진,"화7, 화15",기초교양, ,"AI와컴퓨팅사고력 / 0APR1193 / 28 / 2.0 / 전수진 / 화7, 화15 / 기초교양 / "
AI와컴퓨팅사고력,0APR1193,29,2.0,유정선,"화6, 화15",기초교양, ,"AI와컴퓨팅사고력 / 0APR1193 / 29 / 2.0 / 유정선 / 화6, 화15 / 기초교양 / "
AI와컴퓨팅사고력,0APR1193,30,2.0,오지연,"월15, 화6",기초교양, ,"AI와컴퓨팅사고력 / 0APR1193 / 30 / 2.0 / 오지연 / 월15, 화6 / 기초교양 / "
AI와컴퓨팅사고력,0APR1193,31,2.0,양호경,"목8, 금14",기초교양, ,"AI와컴퓨팅사고력 / 0APR1193 / 31 / 2.0 / 양호경 / 목8, 금14 / 기초교양 / "
AI와컴퓨팅사고력,0APR1193,32,2.0,권영일,"목8, 목14",기초교양, ,"AI와컴퓨팅사고력 / 0APR1193 / 32 / 2.0 / 권영일 / 목8, 목14 / 기초교양 / "
AI와컴퓨팅사고력,0APR1193,33,2.0,양호경,"화14, 목7",기초교양, ,"AI와컴퓨팅사고력 / 0APR1193 / 33 / 2.0 / 양호경 / 화14, 목7 / 기초교양 / "
AI와컴퓨팅사고력,0APR1193,34,2.0,오지연,"월13, 화8",기초교양, ,"AI와컴퓨팅사고력 / 0APR1193 / 34 / 2.0 / 오지연 / 월13, 화8 / 기초교양 / "
AI와컴퓨팅사고력,0APR1193,35,2.0,전수진,"월14, 화6",기초교양, ,"AI와컴퓨팅사고력 / 0APR1193 / 35 / 2.0 / 전수진 / 월14, 화6 / 기초교양 / "
AI와컴퓨팅사고력,0APR1193,36,2.0,허민구,"화13, 수7",기초교양, ,"AI와컴퓨팅사고력 / 0APR1193 / 36 / 2.0 / 허민구 / 화13, 수7 / 기초교양 / "
AI와컴퓨팅사고력,0APR1193,37,2.0,허민구,"수5, 목13",기초교양, ,"AI와컴퓨팅사고력 / 0APR1193 / 37 / 2.0 / 허민구 / 수5, 목13 / 기초교양 / "
AI와컴퓨팅사고력,0APR1193,38,2.0,강제신,"월3, 금13",기초교양, ,"AI와컴퓨팅사고력 / 0APR1193 / 38 / 2.0 / 강제신 / 월3, 금13 / 기초교양 / "
AI와컴퓨팅사고력,0APR1193,39,2.0,최선주,"월13, 수6",기초교양, ,"AI와컴퓨팅사고력 / 0APR1193 / 39 / 2.0 / 최선주 / 월13, 수6 / 기초교양 / "
AI와컴퓨팅사고력,0APR1193,40,2.0,허민구,"월14, 수6",기초교양, ,"AI와컴퓨팅사고력 / 0APR1193 / 40 / 2.0 / 허민구 / 월14, 수6 / 기초교양 / "
AI와컴퓨팅사고력,0APR1193,41,2.0,최선주,"월15, 수7",기초교양, ,"AI와컴퓨팅사고력 / 0APR1193 / 41 / 2.0 / 최선주 / 월15, 수7 / 기초교양 / "
벤처와창업가정신,0APR1174,1,2.0,교수미정,화2~3,인성교양, ,벤처와창업가정신 / 0APR1174 / 1 / 2.0 / 교수미정 / 화2~3 / 인성교양 / 
벤처와창업가정신,0APR1174,2,2.0,최인우,화1~2,인성교양, ,벤처와창업가정신 / 0APR1174 / 2 / 2.0 / 최인우 / 화1~2 / 인성교양 / 
벤처와창업가정신,0APR1174,3,2.0,진주영,화1~2,인성교양, ,벤처와창업가정신 / 0APR1174 / 3 / 2.0 / 진주영 / 화1~2 / 인성교양 / 
벤처와창업가정신,0APR1174,4,2.0,정재욱,화5~6,인성교양, ,벤처와창업가정신 / 0APR1174 / 4 / 2.0 / 정재욱 / 화5~6 / 인성교양 / 
벤처와창업가정신,0APR1174,35,2.0,정재욱,화3~4,인성교양, ,벤처와창업가정신 / 0APR1174 / 35 / 2.0 / 정재욱 / 화3~4 / 인성교양 / 
벤처와창업가정신,0APR1174,36,2.0,진주영,화3~4,인성교양, ,벤처와창업가정신 / 0APR1174 / 36 / 2.0 / 진주영 / 화3~4 / 인성교양 / 
벤처와창업가정신,0APR1174,5,2.0,박상희,월5~6,인성교양, ,벤처와창업가정신 / 0APR1174 / 5 / 2.0 / 박상희 / 월5~6 / 인성교양 / 
벤처와창업가정신,0APR1174,6,2.0,하태관,월5~6,인성교양, ,벤처와창업가정신 / 0APR1174 / 6 / 2.0 / 하태관 / 월5~6 / 인성교양 / 
벤처와창업가정신,0APR1174,7,2.0,김문준,월5~6,인성교양, ,벤처와창업가정신 / 0APR1174 / 7 / 2.0 / 김문준 / 월5~6 / 인성교양 / 
벤처와창업가정신,0APR1174,8,2.0,박상희,월7~8,인성교양, ,벤처와창업가정신 / 0APR1174 / 8 / 2.0 / 박상희 / 월7~8 / 인성교양 / 
벤처와창업가정신,0APR1174,9,2.0,김문준,월7~8,인성교양, ,벤처와창업가정신 / 0APR1174 / 9 / 2.0 / 김문준 / 월7~8 / 인성교양 / 
벤처와창업가정신,0APR1174,10,2.0,하태관,월7~8,인성교양, ,벤처와창업가정신 / 0APR1174 / 10 / 2.0 / 하태관 / 월7~8 / 인성교양 / 
벤처와창업가정신,0APR1174,11,2.0,진주영,수3~4,인성교양, ,벤처와창업가정신 / 0APR1174 / 11 / 2.0 / 진주영 / 수3~4 / 인성교양 / 
벤처와창업가정신,0APR1174,12,2.0,채완기,목1~2,인성교양, ,벤처와창업가정신 / 0APR1174 / 12 / 2.0 / 채완기 / 목1~2 / 인성교양 / 
벤처와창업가정신,0APR1174,13,2.0,김준홍,목1~2,인성교양, ,벤처와창업가정신 / 0APR1174 / 13 / 2.0 / 김준홍 / 목1~2 / 인성교양 / 
벤처와창업가정신,0APR1174,14,2.0,채완기,목3~4,인성교양, ,벤처와창업가정신 / 0APR1174 / 14 / 2.0 / 채완기 / 목3~4 / 인성교양 / 
벤처와창업가정신,0APR1174,15,2.0,김준홍,목3~4,인성교양, ,벤처와창업가정신 / 0APR1174 / 15 / 2.0 / 김준홍 / 목3~4 / 인성교양 / 
벤처와창업가정신,0APR1174,16,2.0,지원현,수3~4,인성교양, ,벤처와창업가정신 / 0APR1174 / 16 / 2.0 / 지원현 / 수3~4 / 인성교양 / 
벤처와창업가정신,0APR1174,17,2.0,이용규,화1~2,인성교양, ,벤처와창업가정신 / 0APR1174 / 17 / 2.0 / 이용규 / 화1~2 / 인성교양 / 
벤처와창업가정신,0APR1174,18,2.0,진주영,수1~2,인성교양, ,벤처와창업가정신 / 0APR1174 / 18 / 2.0 / 진주영 / 수1~2 / 인성교양 / 
벤처와창업가정신,0APR1174,19,2.0,서덕화,수5~6,인성교양, ,벤처와창업가정신 / 0APR1174 / 19 / 2.0 / 서덕화 / 수5~6 / 인성교양 / 
벤처와창업가정신,0APR1174,20,2.0,채완기,목5~6,인성교양, ,벤처와창업가정신 / 0APR1174 / 20 / 2.0 / 채완기 / 목5~6 / 인성교양 / 
벤처와창업가정신,0APR1174,21,2.0,김준홍,목5~6,인성교양, ,벤처와창업가정신 / 0APR1174 / 21 / 2.0 / 김준홍 / 목5~6 / 인성교양 / 
벤처와창업가정신,0APR1174,22,2.0,이용규,화5~6,인성교양, ,벤처와창업가정신 / 0APR1174 / 22 / 2.0 / 이용규 / 화5~6 / 인성교양 / 
벤처와창업가정신,0APR1174,23,2.0,한대희,화3~4,인성교양, ,벤처와창업가정신 / 0APR1174 / 23 / 2.0 / 한대희 / 화3~4 / 인성교양 / 
벤처와창업가정신,0APR1174,24,2.0,신현곤,월3~4,인성교양, ,벤처와창업가정신 / 0APR1174 / 24 / 2.0 / 신현곤 / 월3~4 / 인성교양 / 
벤처와창업가정신,0APR1174,25,2.0,박상희,월3~4,인성교양, ,벤처와창업가정신 / 0APR1174 / 25 / 2.0 / 박상희 / 월3~4 / 인성교양 / 
벤처와창업가정신,0APR1174,26,2.0,최인우,수2~3,인성교양, ,벤처와창업가정신 / 0APR1174 / 26 / 2.0 / 최인우 / 수2~3 / 인성교양 / 
벤처와창업가정신,0APR1174,27,2.0,한대희,화5~6,인성교양, ,벤처와창업가정신 / 0APR1174 / 27 / 2.0 / 한대희 / 화5~6 / 인성교양 / 
벤처와창업가정신,0APR1174,28,2.0,전영미,화7~8,인성교양, ,벤처와창업가정신 / 0APR1174 / 28 / 2.0 / 전영미 / 화7~8 / 인성교양 / 
벤처와창업가정신,0APR1174,29,2.0,신현곤,수7~8,인성교양, ,벤처와창업가정신 / 0APR1174 / 29 / 2.0 / 신현곤 / 수7~8 / 인성교양 / 
벤처와창업가정신,0APR1174,30,2.0,교수미정,수7~8,인성교양, ,벤처와창업가정신 / 0APR1174 / 30 / 2.0 / 교수미정 / 수7~8 / 인성교양 / 
벤처와창업가정신,0APR1174,31,2.0,교수미정,수3~4,인성교양, ,벤처와창업가정신 / 0APR1174 / 31 / 2.0 / 교수미정 / 수3~4 / 인성교양 / 
벤처와창업가정신,0APR1174,32,2.0,한대희,화7~8,인성교양, ,벤처와창업가정신 / 0APR1174 / 32 / 2.0 / 한대희 / 화7~8 / 인성교양 / 
벤처와창업가정신,0APR1174,33,2.0,정재욱,수3~4,인성교양, ,벤처와창업가정신 / 0APR1174 / 33 / 2.0 / 정재욱 / 수3~4 / 인성교양 / 
벤처와창업가정신,0APR1174,34,2.0,이용규,화3~4,인성교양, ,벤처와창업가정신 / 0APR1174 / 34 / 2.0 / 이용규 / 화3~4 / 인성교양 / 
벤처와리더십,0APR1175,1,2.0,전영미,월5~6,인성교양, ,벤처와리더십 / 0APR1175 / 1 / 2.0 / 전영미 / 월5~6 / 인성교양 / 
벤처와리더십,0APR1175,2,2.0,전영미,화2~3,인성교양, ,벤처와리더십 / 0APR1175 / 2 / 2.0 / 전영미 / 화2~3 / 인성교양 / 
세계와기독교,0APR1185,1,2.0,고유식,목1~2,인성교양, ,세계와기독교 / 0APR1185 / 1 / 2.0 / 고유식 / 목1~2 / 인성교양 / 
세계와기독교,0APR1185,2,2.0,안근조,목1~2,인성교양, ,세계와기독교 / 0APR1185 / 2 / 2.0 / 안근조 / 목1~2 / 인성교양 / 
세계와기독교,0APR1185,3,2.0,기종서,목1~2,인성교양, ,세계와기독교 / 0APR1185 / 3 / 2.0 / 기종서 / 목1~2 / 인성교양 / 
세계와기독교,0APR1185,20,2.0,유은걸,목1~2,인성교양, ,세계와기독교 / 0APR1185 / 20 / 2.0 / 유은걸 / 목1~2 / 인성교양 / 
세계와기독교,0APR1185,4,2.0,박미경,수1~2,인성교양, ,세계와기독교 / 0APR1185 / 4 / 2.0 / 박미경 / 수1~2 / 인성교양 / 
세계와기독교,0APR1185,5,2.0,허대영,화7~8,인성교양, ,세계와기독교 / 0APR1185 / 5 / 2.0 / 허대영 / 화7~8 / 인성교양 / 
세계와기독교,0APR1185,6,2.0,윤은석,수7~8,인성교양, ,세계와기독교 / 0APR1185 / 6 / 2.0 / 윤은석 / 수7~8 / 인성교양 / 
세계와기독교,0APR1185,7,2.0,이영미,수7~8,인성교양, ,세계와기독교 / 0APR1185 / 7 / 2.0 / 이영미 / 수7~8 / 인성교양 / 
세계와기독교,0APR1185,8,2.0,이정근,수3~4,인성교양, ,세계와기독교 / 0APR1185 / 8 / 2.0 / 이정근 / 수3~4 / 인성교양 / 
세계와기독교,0APR1185,9,2.0,김덕기,화5~6,인성교양, ,세계와기독교 / 0APR1185 / 9 / 2.0 / 김덕기 / 화5~6 / 인성교양 / 
세계와기독교,0APR1185,10,2.0,윤은석,수1~2,인성교양, ,세계와기독교 / 0APR1185 / 10 / 2.0 / 윤은석 / 수1~2 / 인성교양 / 
세계와기독교,0APR1185,11,2.0,이정근,수1~2,인성교양, ,세계와기독교 / 0APR1185 / 11 / 2.0 / 이정근 / 수1~2 / 인성교양 / 
세계와기독교,0APR1185,12,2.0,이영미,수1~2,인성교양, ,세계와기독교 / 0APR1185 / 12 / 2.0 / 이영미 / 수1~2 / 인성교양 / 
세계와기독교,0APR1185,13,2.0,임태우,목3~4,인성교양, ,세계와기독교 / 0APR1185 / 13 / 2.0 / 임태우 / 목3~4 / 인성교양 / 
세계와기독교,0APR1185,14,2.0,김병석,목3~4,인성교양, ,세계와기독교 / 0APR1185 / 14 / 2.0 / 김병석 / 목3~4 / 인성교양 / 
세계와기독교,0APR1185,15,2.0,백현덕,화5~6,인성교양, ,세계와기독교 / 0APR1185 / 15 / 2.0 / 백현덕 / 화5~6 / 인성교양 / 
세계와기독교,0APR1185,16,2.0,허대영,화5~6,인성교양, ,세계와기독교 / 0APR1185 / 16 / 2.0 / 허대영 / 화5~6 / 인성교양 / 
세계와기독교,0APR1185,17,2.0,양희선,화3~4,인성교양, ,세계와기독교 / 0APR1185 / 17 / 2.0 / 양희선 / 화3~4 / 인성교양 / 
세계와기독교,0APR1185,18,2.0,백현덕,화3~4,인성교양, ,세계와기독교 / 0APR1185 / 18 / 2.0 / 백현덕 / 화3~4 / 인성교양 / 
세계와기독교,0APR1185,19,2.0,최성로,월3~4,인성교양, ,세계와기독교 / 0APR1185 / 19 / 2.0 / 최성로 / 월3~4 / 인성교양 / 
세계와기독교,0APR1185,21,2.0,윤상갑,수7~8,인성교양, ,세계와기독교 / 0APR1185 / 21 / 2.0 / 윤상갑 / 수7~8 / 인성교양 / 
세계와기독교,0APR1185,22,2.0,윤상갑,수1~2,인성교양, ,세계와기독교 / 0APR1185 / 22 / 2.0 / 윤상갑 / 수1~2 / 인성교양 / 
세계와기독교,0APR1185,23,2.0,박희상,월3~4,인성교양, ,세계와기독교 / 0APR1185 / 23 / 2.0 / 박희상 / 월3~4 / 인성교양 / 
세계와기독교,0APR1185,24,2.0,백현덕,화7~8,인성교양, ,세계와기독교 / 0APR1185 / 24 / 2.0 / 백현덕 / 화7~8 / 인성교양 / 
세계와기독교,0APR1185,25,2.0,이정근,수7~8,인성교양, ,세계와기독교 / 0APR1185 / 25 / 2.0 / 이정근 / 수7~8 / 인성교양 / 
인간과기독교,0APR1172,1,2.0,기종서,목3~4,인성교양, ,인간과기독교 / 0APR1172 / 1 / 2.0 / 기종서 / 목3~4 / 인성교양 / 
인간과기독교,0APR1172,2,2.0,유은걸,목3~4,인성교양, ,인간과기독교 / 0APR1172 / 2 / 2.0 / 유은걸 / 목3~4 / 인성교양 / 
인간과기독교,0APR1172,3,2.0,윤종진,목7~8,인성교양, ,인간과기독교 / 0APR1172 / 3 / 2.0 / 윤종진 / 목7~8 / 인성교양 / 
인간과기독교,0APR1172,4,2.0,교수미정,목7~8,인성교양, ,인간과기독교 / 0APR1172 / 4 / 2.0 / 교수미정 / 목7~8 / 인성교양 / 
인간과기독교,0APR1172,18,2.0,윤종진,목3~4,인성교양, ,인간과기독교 / 0APR1172 / 18 / 2.0 / 윤종진 / 목3~4 / 인성교양 / 
인간과기독교,0APR1172,21,2.0,교수미정,목3~4,인성교양, ,인간과기독교 / 0APR1172 / 21 / 2.0 / 교수미정 / 목3~4 / 인성교양 / 
인간과기독교,0APR1172,5,2.0,박희상,월1~2,인성교양, ,인간과기독교 / 0APR1172 / 5 / 2.0 / 박희상 / 월1~2 / 인성교양 / 
인간과기독교,0APR1172,6,2.0,박희상,월7~8,인성교양, ,인간과기독교 / 0APR1172 / 6 / 2.0 / 박희상 / 월7~8 / 인성교양 / 
인간과기독교,0APR1172,7,2.0,최성로,월7~8,인성교양, ,인간과기독교 / 0APR1172 / 7 / 2.0 / 최성로 / 월7~8 / 인성교양 / 
인간과기독교,0APR1172,8,2.0,윤은석,화1~2,인성교양, ,인간과기독교 / 0APR1172 / 8 / 2.0 / 윤은석 / 화1~2 / 인성교양 / 
인간과기독교,0APR1172,9,2.0,윤은석,화3~4,인성교양, ,인간과기독교 / 0APR1172 / 9 / 2.0 / 윤은석 / 화3~4 / 인성교양 / 
인간과기독교,0APR1172,10,2.0,허대영,화3~4,인성교양, ,인간과기독교 / 0APR1172 / 10 / 2.0 / 허대영 / 화3~4 / 인성교양 / 
인간과기독교,0APR1172,11,2.0,김병석,목5~6,인성교양, ,인간과기독교 / 0APR1172 / 11 / 2.0 / 김병석 / 목5~6 / 인성교양 / 
인간과기독교,0APR1172,12,2.0,박미경,목5~6,인성교양, ,인간과기독교 / 0APR1172 / 12 / 2.0 / 박미경 / 목5~6 / 인성교양 / 
인간과기독교,0APR1172,13,2.0,윤은석,수5~6,인성교양, ,인간과기독교 / 0APR1172 / 13 / 2.0 / 윤은석 / 수5~6 / 인성교양 / 
인간과기독교,0APR1172,14,2.0,이영미,수5~6,인성교양, ,인간과기독교 / 0APR1172 / 14 / 2.0 / 이영미 / 수5~6 / 인성교양 / 
인간과기독교,0APR1172,15,2.0,윤상갑,수5~6,인성교양, ,인간과기독교 / 0APR1172 / 15 / 2.0 / 윤상갑 / 수5~6 / 인성교양 / 
인간과기독교,0APR1172,16,2.0,장혁재,화7~8,인성교양, ,인간과기독교 / 0APR1172 / 16 / 2.0 / 장혁재 / 화7~8 / 인성교양 / 
인간과기독교,0APR1172,17,2.0,최성로,월5~6,인성교양, ,인간과기독교 / 0APR1172 / 17 / 2.0 / 최성로 / 월5~6 / 인성교양 / 
인간과기독교,0APR1172,19,2.0,박미경,목3~4,인성교양, ,인간과기독교 / 0APR1172 / 19 / 2.0 / 박미경 / 목3~4 / 인성교양 / 
인간과기독교,0APR1172,20,2.0,양희선,화1~2,인성교양, ,인간과기독교 / 0APR1172 / 20 / 2.0 / 양희선 / 화1~2 / 인성교양 / 
인간과기독교,0APR1172,22,2.0,임태우,목5~6,인성교양, ,인간과기독교 / 0APR1172 / 22 / 2.0 / 임태우 / 목5~6 / 인성교양 / 
인간과기독교,0APR1172,23,2.0,김덕기,화7~8,인성교양, ,인간과기독교 / 0APR1172 / 23 / 2.0 / 김덕기 / 화7~8 / 인성교양 / 
인문과SW활용,0ARC9128,3,2.0,고윤미,"화2, 수13",대학기초, ,"인문과SW활용 / 0ARC9128 / 3 / 2.0 / 고윤미 / 화2, 수13 / 대학기초 / "
인문과SW활용,0ARC9128,6,2.0,정행섭,"화8, 수14",대학기초, ,"인문과SW활용 / 0ARC9128 / 6 / 2.0 / 정행섭 / 화8, 수14 / 대학기초 / "
인문과SW활용,0ARC9128,7,2.0,김영태,"화3, 수15",대학기초, ,"인문과SW활용 / 0ARC9128 / 7 / 2.0 / 김영태 / 화3, 수15 / 대학기초 / "
인문과SW활용,0ARC9128,8,2.0,고윤미,"화3, 수14",대학기초, ,"인문과SW활용 / 0ARC9128 / 8 / 2.0 / 고윤미 / 화3, 수14 / 대학기초 / "
인문과SW활용,0ARC9128,9,2.0,정행섭,"화3, 수13",대학기초, ,"인문과SW활용 / 0ARC9128 / 9 / 2.0 / 정행섭 / 화3, 수13 / 대학기초 / "
인문과SW활용,0ARC9128,10,2.0,정행섭,"화4, 수15",대학기초, ,"인문과SW활용 / 0ARC9128 / 10 / 2.0 / 정행섭 / 화4, 수15 / 대학기초 / "
경영과SW활용,0ARC9129,2,2.0,김병철,"수1, 수14",대학기초, ,"경영과SW활용 / 0ARC9129 / 2 / 2.0 / 김병철 / 수1, 수14 / 대학기초 / "
경영과SW활용,0ARC9129,3,2.0,김병철,"수2, 수15",대학기초, ,"경영과SW활용 / 0ARC9129 / 3 / 2.0 / 김병철 / 수2, 수15 / 대학기초 / "
경영과SW활용,0ARC9129,4,2.0,고윤미,"화6, 목15",대학기초, ,"경영과SW활용 / 0ARC9129 / 4 / 2.0 / 고윤미 / 화6, 목15 / 대학기초 / "
경영과SW활용,0ARC9129,5,2.0,김영태,"화6, 금14",대학기초, ,"경영과SW활용 / 0ARC9129 / 5 / 2.0 / 김영태 / 화6, 금14 / 대학기초 / "
경영과SW활용,0ARC9129,6,2.0,정행섭,"화6, 목14",대학기초, ,"경영과SW활용 / 0ARC9129 / 6 / 2.0 / 정행섭 / 화6, 목14 / 대학기초 / "
공학과SW활용,0ARC9132,1,2.0,이경희,"월7, 화13",대학기초, ,"공학과SW활용 / 0ARC9132 / 1 / 2.0 / 이경희 / 월7, 화13 / 대학기초 / "
공학과SW활용,0ARC9132,2,2.0,문정경,"월7, 월15",대학기초, ,"공학과SW활용 / 0ARC9132 / 2 / 2.0 / 문정경 / 월7, 월15 / 대학기초 / "
공학과SW활용,0ARC9132,3,2.0,권용준,"월7, 월14",대학기초, ,"공학과SW활용 / 0ARC9132 / 3 / 2.0 / 권용준 / 월7, 월14 / 대학기초 / "
공학과SW활용,0ARC9132,4,2.0,교수미정,"월13, 목5",대학기초, ,"공학과SW활용 / 0ARC9132 / 4 / 2.0 / 교수미정 / 월13, 목5 / 대학기초 / "
공학과SW활용,0ARC9132,5,2.0,엄기순,"화2, 토13",대학기초, ,"공학과SW활용 / 0ARC9132 / 5 / 2.0 / 엄기순 / 화2, 토13 / 대학기초 / "
공학과SW활용,0ARC9132,6,2.0,문정경,"화2, 금15",대학기초, ,"공학과SW활용 / 0ARC9132 / 6 / 2.0 / 문정경 / 화2, 금15 / 대학기초 / "
공학과SW활용,0ARC9132,7,2.0,문정경,"화3, 금14",대학기초, ,"공학과SW활용 / 0ARC9132 / 7 / 2.0 / 문정경 / 화3, 금14 / 대학기초 / "
공학과SW활용,0ARC9132,8,2.0,엄기순,"화4, 금13",대학기초, ,"공학과SW활용 / 0ARC9132 / 8 / 2.0 / 엄기순 / 화4, 금13 / 대학기초 / "
공학과SW활용,0ARC9132,9,2.0,김영태,"수6, 목15",대학기초, ,"공학과SW활용 / 0ARC9132 / 9 / 2.0 / 김영태 / 수6, 목15 / 대학기초 / "
공학과SW활용,0ARC9132,10,2.0,권용준,"수8, 목14",대학기초, ,"공학과SW활용 / 0ARC9132 / 10 / 2.0 / 권용준 / 수8, 목14 / 대학기초 / "
공학과SW활용,0ARC9132,11,2.0,교수미정,"수15, 목4",대학기초, ,"공학과SW활용 / 0ARC9132 / 11 / 2.0 / 교수미정 / 수15, 목4 / 대학기초 / "
공학과SW활용,0ARC9132,20,2.0,박승만,목4~5,대학기초, ,공학과SW활용 / 0ARC9132 / 20 / 2.0 / 박승만 / 목4~5 / 대학기초 / 
문화예체능과SW활용,0ARC9130,1,2.0,김인주,"수1, 수15",대학기초, ,"문화예체능과SW활용 / 0ARC9130 / 1 / 2.0 / 김인주 / 수1, 수15 / 대학기초 / "
문화예체능과SW활용,0ARC9130,2,2.0,김인주,"수2, 수14",대학기초, ,"문화예체능과SW활용 / 0ARC9130 / 2 / 2.0 / 김인주 / 수2, 수14 / 대학기초 / "
문화예체능과SW활용,0ARC9130,4,2.0,김영태,"화14, 수8",대학기초, ,"문화예체능과SW활용 / 0ARC9130 / 4 / 2.0 / 김영태 / 화14, 수8 / 대학기초 / "
문화예체능과SW활용,0ARC9130,6,2.0,김영태,"화15, 수7",대학기초, ,"문화예체능과SW활용 / 0ARC9130 / 6 / 2.0 / 김영태 / 화15, 수7 / 대학기초 / "
생명보건과SW활용,0ARC9131,1,2.0,교수미정,"월3, 금15",대학기초, ,"생명보건과SW활용 / 0ARC9131 / 1 / 2.0 / 교수미정 / 월3, 금15 / 대학기초 / "
생명보건과SW활용,0ARC9131,2,2.0,이경희,"월3, 금13",대학기초, ,"생명보건과SW활용 / 0ARC9131 / 2 / 2.0 / 이경희 / 월3, 금13 / 대학기초 / "
생명보건과SW활용,0ARC9131,3,2.0,교수미정,"월2, 목13",대학기초, ,"생명보건과SW활용 / 0ARC9131 / 3 / 2.0 / 교수미정 / 월2, 목13 / 대학기초 / "
생명보건과SW활용,0ARC9131,4,2.0,교수미정,"월4, 수13",대학기초, ,"생명보건과SW활용 / 0ARC9131 / 4 / 2.0 / 교수미정 / 월4, 수13 / 대학기초 / "
융합과SW활용,0ARC9133,1,2.0,엄기순,"화6, 수14",대학기초, ,"융합과SW활용 / 0ARC9133 / 1 / 2.0 / 엄기순 / 화6, 수14 / 대학기초 / "
융합과SW활용,0ARC9133,7,2.0,김병철,"목1, 목13",대학기초, ,"융합과SW활용 / 0ARC9133 / 7 / 2.0 / 김병철 / 목1, 목13 / 대학기초 / "
융합과SW활용,0ARC9133,8,2.0,교수미정,"수13, 목2",대학기초, ,"융합과SW활용 / 0ARC9133 / 8 / 2.0 / 교수미정 / 수13, 목2 / 대학기초 / "
융합과SW활용,0ARC9133,9,2.0,문정경,"화15, 수4",대학기초, ,"융합과SW활용 / 0ARC9133 / 9 / 2.0 / 문정경 / 화15, 수4 / 대학기초 / "
융합과SW활용,0ARC9133,10,2.0,김인주,"화14, 수4",대학기초, ,"융합과SW활용 / 0ARC9133 / 10 / 2.0 / 김인주 / 화14, 수4 / 대학기초 / "
융합과SW활용,0ARC9133,11,2.0,권용준,"화13, 수1",대학기초, ,"융합과SW활용 / 0ARC9133 / 11 / 2.0 / 권용준 / 화13, 수1 / 대학기초 / "
수학의이해1,0ARC9118,1,3.0,배수기,"월1~2, 화7~8",대학기초, ,"수학의이해1 / 0ARC9118 / 1 / 3.0 / 배수기 / 월1~2, 화7~8 / 대학기초 / "
수학의이해1,0ARC9118,2,3.0,박영자,"수1~2, 목5~6",대학기초, ,"수학의이해1 / 0ARC9118 / 2 / 3.0 / 박영자 / 수1~2, 목5~6 / 대학기초 / "
수학의이해1,0ARC9118,3,3.0,이경복,"월3~4, 수7~8",대학기초, ,"수학의이해1 / 0ARC9118 / 3 / 3.0 / 이경복 / 월3~4, 수7~8 / 대학기초 / "
수학의이해1,0ARC9118,4,3.0,김현정,"월3~4, 화5~6",대학기초, ,"수학의이해1 / 0ARC9118 / 4 / 3.0 / 김현정 / 월3~4, 화5~6 / 대학기초 / "
수학의이해1,0ARC9118,5,3.0,박용범,"수1~2, 목7~8",대학기초, ,"수학의이해1 / 0ARC9118 / 5 / 3.0 / 박용범 / 수1~2, 목7~8 / 대학기초 / "
수학의이해1,0ARC9118,6,3.0,하용선,"월7~8, 화7~8",대학기초, ,"수학의이해1 / 0ARC9118 / 6 / 3.0 / 하용선 / 월7~8, 화7~8 / 대학기초 / "
수학의이해1,0ARC9118,7,3.0,박영자,"화5~6, 수3~4",대학기초, ,"수학의이해1 / 0ARC9118 / 7 / 3.0 / 박영자 / 화5~6, 수3~4 / 대학기초 / "
수학의이해1,0ARC9118,8,3.0,이경복,"화5~6, 목1~2",대학기초, ,"수학의이해1 / 0ARC9118 / 8 / 3.0 / 이경복 / 화5~6, 목1~2 / 대학기초 / "
수학의이해1,0ARC9118,9,3.0,이경복,"월1~2, 화7~8",대학기초, ,"수학의이해1 / 0ARC9118 / 9 / 3.0 / 이경복 / 월1~2, 화7~8 / 대학기초 / "
수학의이해1,0ARC9118,10,3.0,김현정,"월1~2, 화7~8",대학기초, ,"수학의이해1 / 0ARC9118 / 10 / 3.0 / 김현정 / 월1~2, 화7~8 / 대학기초 / "
수학의이해1,0ARC9118,11,3.0,김귀석,"월3~4, 수1~2",대학기초, ,"수학의이해1 / 0ARC9118 / 11 / 3.0 / 김귀석 / 월3~4, 수1~2 / 대학기초 / "
수학의이해1,0ARC9118,12,3.0,박영자,"화1~2, 수7~8",대학기초, ,"수학의이해1 / 0ARC9118 / 12 / 3.0 / 박영자 / 화1~2, 수7~8 / 대학기초 / "
수학의이해1,0ARC9118,13,3.0,박차식,"월2~3, 수6~7",대학기초, ,"수학의이해1 / 0ARC9118 / 13 / 3.0 / 박차식 / 월2~3, 수6~7 / 대학기초 / "
수학의이해1,0ARC9118,14,3.0,하용선,"화1~2, 목7~8",대학기초, ,"수학의이해1 / 0ARC9118 / 14 / 3.0 / 하용선 / 화1~2, 목7~8 / 대학기초 / "
수학의이해1,0ARC9118,15,3.0,박용범,"수5~6, 목5~6",대학기초, ,"수학의이해1 / 0ARC9118 / 15 / 3.0 / 박용범 / 수5~6, 목5~6 / 대학기초 / "
수학의이해1,0ARC9118,16,3.0,김현정,"수5~6, 목5~6",대학기초, ,"수학의이해1 / 0ARC9118 / 16 / 3.0 / 김현정 / 수5~6, 목5~6 / 대학기초 / "
수학의이해1,0ARC9118,17,3.0,이근창,"월7~8, 목7~8",대학기초, ,"수학의이해1 / 0ARC9118 / 17 / 3.0 / 이근창 / 월7~8, 목7~8 / 대학기초 / "
수학의이해1,0ARC9118,18,3.0,배수기,"월7~8, 화5~6",대학기초, ,"수학의이해1 / 0ARC9118 / 18 / 3.0 / 배수기 / 월7~8, 화5~6 / 대학기초 / "
수학의이해1,0ARC9118,19,3.0,김귀석,"월7~8, 화3~4",대학기초, ,"수학의이해1 / 0ARC9118 / 19 / 3.0 / 김귀석 / 월7~8, 화3~4 / 대학기초 / "
수학의이해1,0ARC9118,20,3.0,김현정,"수7~8, 목3~4",대학기초, ,"수학의이해1 / 0ARC9118 / 20 / 3.0 / 김현정 / 수7~8, 목3~4 / 대학기초 / "
수학의이해1,0ARC9118,21,3.0,이근창,"수7~8, 목3~4",대학기초, ,"수학의이해1 / 0ARC9118 / 21 / 3.0 / 이근창 / 수7~8, 목3~4 / 대학기초 / "
수학의이해1,0ARC9118,22,3.0,박영자,"수5~6, 목3~4",대학기초, ,"수학의이해1 / 0ARC9118 / 22 / 3.0 / 박영자 / 수5~6, 목3~4 / 대학기초 / "
수학의이해1,0ARC9118,23,3.0,이경복,"수5~6, 목3~4",대학기초, ,"수학의이해1 / 0ARC9118 / 23 / 3.0 / 이경복 / 수5~6, 목3~4 / 대학기초 / "
수학의이해1,0ARC9118,24,3.0,오동철,"화1~2, 수7~8",대학기초, ,"수학의이해1 / 0ARC9118 / 24 / 3.0 / 오동철 / 화1~2, 수7~8 / 대학기초 / "
수학의이해1,0ARC9118,25,3.0,장상훈,"월5~6, 수7~8",대학기초, ,"수학의이해1 / 0ARC9118 / 25 / 3.0 / 장상훈 / 월5~6, 수7~8 / 대학기초 / "
수학의이해1,0ARC9118,26,3.0,장상훈,"월7~8, 수5~6",대학기초, ,"수학의이해1 / 0ARC9118 / 26 / 3.0 / 장상훈 / 월7~8, 수5~6 / 대학기초 / "
빅데이터와경영,0AAO0008,7,3.0,배지은,화7~9,자유선택, ,빅데이터와경영 / 0AAO0008 / 7 / 3.0 / 배지은 / 화7~9 / 자유선택 / 
모두가디자이너(디자인씽킹과창업),0AAO0010,7,3.0,서민범,수5~7,자유선택, ,모두가디자이너(디자인씽킹과창업) / 0AAO0010 / 7 / 3.0 / 서민범 / 수5~7 / 자유선택 / 
데이터마이닝,0AAO0023,7,3.0,임대환,화5~7,자유선택, ,데이터마이닝 / 0AAO0023 / 7 / 3.0 / 임대환 / 화5~7 / 자유선택 / 
기업의역사(기업가정신),0APR1167,7,2.0,노혜경,월5~6,자유선택, ,기업의역사(기업가정신) / 0APR1167 / 7 / 2.0 / 노혜경 / 월5~6 / 자유선택 / 
진로설계와자기개발(진로와벤처정신),0ARK2000,7,2.0,이도식,금1~2,자유선택, ,진로설계와자기개발(진로와벤처정신) / 0ARK2000 / 7 / 2.0 / 이도식 / 금1~2 / 자유선택 / 
성공취업전략,0ARK3000,7,2.0,금두환,금6~7,자유선택, ,성공취업전략 / 0ARK3000 / 7 / 2.0 / 금두환 / 금6~7 / 자유선택 / 
국가안보론,0ARK6021,7,2.0,곽정근,수5~6,자유선택, ,국가안보론 / 0ARK6021 / 7 / 2.0 / 곽정근 / 수5~6 / 자유선택 / 
글로벌시대의한국인문학,0ARK6038,7,3.0,노혜경,월2~4,자유선택, ,글로벌시대의한국인문학 / 0ARK6038 / 7 / 3.0 / 노혜경 / 월2~4 / 자유선택 / 
대인관계와자기성장,0ARK6076,7,2.0,이점영,목1~2,자유선택, ,대인관계와자기성장 / 0ARK6076 / 7 / 2.0 / 이점영 / 목1~2 / 자유선택 / 
한국문화의이해,0ARK6096,7,3.0,조한필,월7~9,자유선택, ,한국문화의이해 / 0ARK6096 / 7 / 3.0 / 조한필 / 월7~9 / 자유선택 / 
문화브랜드와공간마케팅,0ARK6106,7,3.0,정성욱,"목2~3, 토12",자유선택, ,"문화브랜드와공간마케팅 / 0ARK6106 / 7 / 3.0 / 정성욱 / 목2~3, 토12 / 자유선택 / "
한미정부자료를통해본한미관계사,0ARK6113,7,3.0,이세진,월5~7,자유선택, ,한미정부자료를통해본한미관계사 / 0ARK6113 / 7 / 3.0 / 이세진 / 월5~7 / 자유선택 / 
사서에서배우는세상을바꾸는지혜,0ARK6116,7,3.0,황길주,화4~6,자유선택, ,사서에서배우는세상을바꾸는지혜 / 0ARK6116 / 7 / 3.0 / 황길주 / 화4~6 / 자유선택 / 
"현대,미래와친환경기술",0ARK6122,7,3.0,박범섭,"화4~5, 화14",자유선택, ,"현대,미래와친환경기술 / 0ARK6122 / 7 / 3.0 / 박범섭 / 화4~5, 화14 / 자유선택 / "
다양성수용을위한언어의이해,0ARK6128,7,3.0,윤재연,월4~6,자유선택, ,다양성수용을위한언어의이해 / 0ARK6128 / 7 / 3.0 / 윤재연 / 월4~6 / 자유선택 / 
현대중국입문,0ARK6129,7,3.0,전가림,"월3~4, 토0",자유선택, ,"현대중국입문 / 0ARK6129 / 7 / 3.0 / 전가림 / 월3~4, 토0 / 자유선택 / "
고전서사와문화콘텐츠스토리텔링,0ARK6131,7,3.0,이정선,월2~4,자유선택, ,고전서사와문화콘텐츠스토리텔링 / 0ARK6131 / 7 / 3.0 / 이정선 / 월2~4 / 자유선택 / 
대중문화속의미디어깊이읽기,0ARK6132,7,3.0,이정선,월6~8,자유선택, ,대중문화속의미디어깊이읽기 / 0ARK6132 / 7 / 3.0 / 이정선 / 월6~8 / 자유선택 / 
이미지인식기반의인공지능헬스케어시스템구현,0ARK6133,7,3.0,임대환,화2~4,자유선택, ,이미지인식기반의인공지능헬스케어시스템구현 / 0ARK6133 / 7 / 3.0 / 임대환 / 화2~4 / 자유선택 / 
4차산업혁명시대의에너지시장개론,0ARK6134,7,3.0,이명희,화1~3,자유선택, ,4차산업혁명시대의에너지시장개론 / 0ARK6134 / 7 / 3.0 / 이명희 / 화1~3 / 자유선택 / 
모두의다양성,0ARK6136,7,3.0,서민범,목5~7,자유선택, ,모두의다양성 / 0ARK6136 / 7 / 3.0 / 서민범 / 목5~7 / 자유선택 / 
문화콘텐츠와문화유산,0ARK6138,7,3.0,김병철,"월2~3, 목5",자유선택, ,"문화콘텐츠와문화유산 / 0ARK6138 / 7 / 3.0 / 김병철 / 월2~3, 목5 / 자유선택 / "
문화콘텐츠와문화유산,0ARK6138,7,3.0,변지선,"월2~3, 목5",자유선택, ,"문화콘텐츠와문화유산 / 0ARK6138 / 7 / 3.0 / 변지선 / 월2~3, 목5 / 자유선택 / "
영상콘텐츠스토리텔링,0ARK6150,7,3.0,김용석,수5~7,자유선택, ,영상콘텐츠스토리텔링 / 0ARK6150 / 7 / 3.0 / 김용석 / 수5~7 / 자유선택 / 
영어독서지도법,0ARK6155,7,3.0,장선미,목6~8,자유선택, ,영어독서지도법 / 0ARK6155 / 7 / 3.0 / 장선미 / 목6~8 / 자유선택 / 
관광스토리텔링,0ARK6159,7,3.0,강만진,"월2~3, 토10",자유선택, ,"관광스토리텔링 / 0ARK6159 / 7 / 3.0 / 강만진 / 월2~3, 토10 / 자유선택 / "
창의적문제해결과리더십,0ARK6164,7,3.0,오윤채,"목9~10, 토11",자유선택, ,"창의적문제해결과리더십 / 0ARK6164 / 7 / 3.0 / 오윤채 / 목9~10, 토11 / 자유선택 / "
중고급한국어문법,0ARK6167,7,3.0,문영하,수2~4,자유선택, ,중고급한국어문법 / 0ARK6167 / 7 / 3.0 / 문영하 / 수2~4 / 자유선택 / 
한국어능력시험의이해,0ARK6168,7,2.0,정성헌,월5~6,자유선택, ,한국어능력시험의이해 / 0ARK6168 / 7 / 2.0 / 정성헌 / 월5~6 / 자유선택 / 
한국어발표와프레젠테이션,0ARK6206,7,3.0,교수미정,목2~4,자유선택, ,한국어발표와프레젠테이션 / 0ARK6206 / 7 / 3.0 / 교수미정 / 목2~4 / 자유선택 / 
한국의언어문화,0ARK6207,7,3.0,교수미정,수5~7,자유선택, ,한국의언어문화 / 0ARK6207 / 7 / 3.0 / 교수미정 / 수5~7 / 자유선택 / 
기술전략과R&D기획,0ARK6225,7,3.0,이성희,목5~7,자유선택, ,기술전략과R&D기획 / 0ARK6225 / 7 / 3.0 / 이성희 / 목5~7 / 자유선택 / 
기술·시장데이터분석,0ARK6226,7,3.0,강소라,목2~4,자유선택, ,기술·시장데이터분석 / 0ARK6226 / 7 / 3.0 / 강소라 / 목2~4 / 자유선택 / 
사회적기업의창업,0ASS6232,7,3.0,어윤수,월6~8,자유선택, ,사회적기업의창업 / 0ASS6232 / 7 / 3.0 / 어윤수 / 월6~8 / 자유선택 / 
지식서비스창업,0AST0001,7,3.0,김용주,목5~7,자유선택, ,지식서비스창업 / 0AST0001 / 7 / 3.0 / 김용주 / 목5~7 / 자유선택 / 
대학생을위한실용금융,0AST0035,7,3.0,박남태,"월6~7, 토10",자유선택, ,"대학생을위한실용금융 / 0AST0035 / 7 / 3.0 / 박남태 / 월6~7, 토10 / 자유선택 / "
인터넷쇼핑몰의창업과경영,0AST0051,7,3.0,이상원,월2~4,자유선택, ,인터넷쇼핑몰의창업과경영 / 0AST0051 / 7 / 3.0 / 이상원 / 월2~4 / 자유선택 / 
인공지능기초이해,0AST0060,7,3.0,임대환,월5~7,자유선택, ,인공지능기초이해 / 0AST0060 / 7 / 3.0 / 임대환 / 월5~7 / 자유선택 / 
4차산업혁명과창업금융,0AST0074,7,3.0,김수일,월5~7,자유선택, ,4차산업혁명과창업금융 / 0AST0074 / 7 / 3.0 / 김수일 / 월5~7 / 자유선택 / 
미디어로살펴본경영경제생활이해,0AST0088,7,3.0,조상섭,"월6~7, 화5",자유선택, ,"미디어로살펴본경영경제생활이해 / 0AST0088 / 7 / 3.0 / 조상섭 / 월6~7, 화5 / 자유선택 / "
빅데이터와경영,0AAO0008,2,3.0,배지은,화3~5,자유선택, ,빅데이터와경영 / 0AAO0008 / 2 / 3.0 / 배지은 / 화3~5 / 자유선택 / 
모두가디자이너(디자인씽킹과창업),0AAO0010,2,3.0,서민범,화5~7,자유선택, ,모두가디자이너(디자인씽킹과창업) / 0AAO0010 / 2 / 3.0 / 서민범 / 화5~7 / 자유선택 / 
드론제작및운영,0AAO0015,2,3.0,최효선,수1~3,자유선택, ,드론제작및운영 / 0AAO0015 / 2 / 3.0 / 최효선 / 수1~3 / 자유선택 / 
3D프린팅실습,0AAO0016,2,3.0,이윤길,"화7~8, 토11",자유선택, ,"3D프린팅실습 / 0AAO0016 / 2 / 3.0 / 이윤길 / 화7~8, 토11 / 자유선택 / "
3D프린팅실습,0AAO0016,2,3.0,황선휘,"화7~8, 토11",자유선택, ,"3D프린팅실습 / 0AAO0016 / 2 / 3.0 / 황선휘 / 화7~8, 토11 / 자유선택 / "
기업의역사(기업가정신),0APR1167,2,2.0,노혜경,금1~2,자유선택, ,기업의역사(기업가정신) / 0APR1167 / 2 / 2.0 / 노혜경 / 금1~2 / 자유선택 / 
진로설계와자기개발(진로와벤처정신),0ARK2000,2,2.0,이도식,금5~6,자유선택, ,진로설계와자기개발(진로와벤처정신) / 0ARK2000 / 2 / 2.0 / 이도식 / 금5~6 / 자유선택 / 
성공취업전략,0ARK3000,2,2.0,이도식,금7~8,자유선택, ,성공취업전략 / 0ARK3000 / 2 / 2.0 / 이도식 / 금7~8 / 자유선택 / 
국가안보론,0ARK6021,2,2.0,곽정근,월5~6,자유선택, ,국가안보론 / 0ARK6021 / 2 / 2.0 / 곽정근 / 월5~6 / 자유선택 / 
안보학,0ARK6072,1,2.0,교수미정,"월1~2, 금7~8",자유선택, ,"안보학 / 0ARK6072 / 1 / 2.0 / 교수미정 / 월1~2, 금7~8 / 자유선택 / "
조직리더십,0ARK6074,1,2.0,교수미정,"월7~8, 금1~2",자유선택, ,"조직리더십 / 0ARK6074 / 1 / 2.0 / 교수미정 / 월7~8, 금1~2 / 자유선택 / "
대인관계와자기성장,0ARK6076,2,2.0,이점영,목5~6,자유선택, ,대인관계와자기성장 / 0ARK6076 / 2 / 2.0 / 이점영 / 목5~6 / 자유선택 / 
문화브랜드와공간마케팅,0ARK6106,2,3.0,정성욱,"수7~8, 토11",자유선택, ,"문화브랜드와공간마케팅 / 0ARK6106 / 2 / 3.0 / 정성욱 / 수7~8, 토11 / 자유선택 / "
스타트업창업경영과기업가정신,0ARK6107,2,3.0,안건준,월5~7,자유선택, ,스타트업창업경영과기업가정신 / 0ARK6107 / 2 / 3.0 / 안건준 / 월5~7 / 자유선택 / 
커리어디자인,0ARK6108,2,2.0,배성아,목5~6,자유선택, ,커리어디자인 / 0ARK6108 / 2 / 2.0 / 배성아 / 목5~6 / 자유선택 / 
대학생이배워야할투자분석스킬,0ARK6111,2,3.0,하태관,월2~4,자유선택, ,대학생이배워야할투자분석스킬 / 0ARK6111 / 2 / 3.0 / 하태관 / 월2~4 / 자유선택 / 
한미정부자료를통해본한미관계사,0ARK6113,2,3.0,이세진,수7~9,자유선택, ,한미정부자료를통해본한미관계사 / 0ARK6113 / 2 / 3.0 / 이세진 / 수7~9 / 자유선택 / 
사서에서배우는세상을바꾸는지혜,0ARK6116,2,3.0,황길주,수5~7,자유선택, ,사서에서배우는세상을바꾸는지혜 / 0ARK6116 / 2 / 3.0 / 황길주 / 수5~7 / 자유선택 / 
스타트업과리스크관리,0ARK6118,2,3.0,조경식,"수5~6, 수14",자유선택, ,"스타트업과리스크관리 / 0ARK6118 / 2 / 3.0 / 조경식 / 수5~6, 수14 / 자유선택 / "
"현대,미래와친환경기술",0ARK6122,2,3.0,박범섭,"수2~3, 수14",자유선택, ,"현대,미래와친환경기술 / 0ARK6122 / 2 / 3.0 / 박범섭 / 수2~3, 수14 / 자유선택 / "
4차산업혁명시대의정보통신기술,0ARK6123,2,3.0,박범섭,"수5~6, 수13",자유선택, ,"4차산업혁명시대의정보통신기술 / 0ARK6123 / 2 / 3.0 / 박범섭 / 수5~6, 수13 / 자유선택 / "
음악속철학여행,0ARK6124,2,3.0,이은영,"수2~3, 수13",자유선택, ,"음악속철학여행 / 0ARK6124 / 2 / 3.0 / 이은영 / 수2~3, 수13 / 자유선택 / "
우화로배우는인간경영학,0ARK6127,2,3.0,전영미,"목3~4, 목13",자유선택, ,"우화로배우는인간경영학 / 0ARK6127 / 2 / 3.0 / 전영미 / 목3~4, 목13 / 자유선택 / "
4차산업혁명시대의에너지시장개론,0ARK6134,2,3.0,이명희,화6~8,자유선택, ,4차산업혁명시대의에너지시장개론 / 0ARK6134 / 2 / 3.0 / 이명희 / 화6~8 / 자유선택 / 
메타버스시대와벤처,0ARK6135,2,3.0,이동욱,수1~3,자유선택, ,메타버스시대와벤처 / 0ARK6135 / 2 / 3.0 / 이동욱 / 수1~3 / 자유선택 / 
모두의다양성,0ARK6136,2,3.0,서민범,목1~3,자유선택, ,모두의다양성 / 0ARK6136 / 2 / 3.0 / 서민범 / 목1~3 / 자유선택 / 
영상콘텐츠스토리텔링,0ARK6150,2,3.0,김용석,목5~7,자유선택, ,영상콘텐츠스토리텔링 / 0ARK6150 / 2 / 3.0 / 김용석 / 목5~7 / 자유선택 / 
스타트업기업의창의적경영과인물탐구,0ARK6160,2,3.0,박종영,화5~7,자유선택, ,스타트업기업의창의적경영과인물탐구 / 0ARK6160 / 2 / 3.0 / 박종영 / 화5~7 / 자유선택 / 
한국문화와언어의이해,0ARK6166,2,2.0,김혜경,수1~2,자유선택, ,한국문화와언어의이해 / 0ARK6166 / 2 / 2.0 / 김혜경 / 수1~2 / 자유선택 / 
중고급한국어문법,0ARK6167,2,3.0,교수미정,수2~4,자유선택, ,중고급한국어문법 / 0ARK6167 / 2 / 3.0 / 교수미정 / 수2~4 / 자유선택 / 
텍스트데이터분석및활용,0ARK6169,2,3.0,이찬우,수1~3,자유선택, ,텍스트데이터분석및활용 / 0ARK6169 / 2 / 3.0 / 이찬우 / 수1~3 / 자유선택 / 
데이터시각화응용,0ARK6170,2,3.0,이찬우,수4~6,자유선택, ,데이터시각화응용 / 0ARK6170 / 2 / 3.0 / 이찬우 / 수4~6 / 자유선택 / 
데이터사이언스심화,0ARK6171,2,3.0,이찬우,수7~9,자유선택, ,데이터사이언스심화 / 0ARK6171 / 2 / 3.0 / 이찬우 / 수7~9 / 자유선택 / 
한국어발표와프레젠테이션,0ARK6206,2,3.0,교수미정,금6~8,자유선택, ,한국어발표와프레젠테이션 / 0ARK6206 / 2 / 3.0 / 교수미정 / 금6~8 / 자유선택 / 
한국의언어문화,0ARK6207,2,3.0,교수미정,목5~7,자유선택, ,한국의언어문화 / 0ARK6207 / 2 / 3.0 / 교수미정 / 목5~7 / 자유선택 / 
현대미술의이해,0ARK6224,2,3.0,이은지,목2~4,자유선택, ,현대미술의이해 / 0ARK6224 / 2 / 3.0 / 이은지 / 목2~4 / 자유선택 / 
벤처기술개론1,0ASS1011,2,3.0,변태욱,화5~7,자유선택, ,벤처기술개론1 / 0ASS1011 / 2 / 3.0 / 변태욱 / 화5~7 / 자유선택 / 
벤처마케팅,0ASS3020,2,3.0,변태욱,수5~7,자유선택, ,벤처마케팅 / 0ASS3020 / 2 / 3.0 / 변태욱 / 수5~7 / 자유선택 / 
지식서비스창업,0AST0001,2,3.0,김용주,수5~7,자유선택, ,지식서비스창업 / 0AST0001 / 2 / 3.0 / 김용주 / 수5~7 / 자유선택 / 
벤처기술개론2,0AST0004,2,3.0,변태욱,목5~7,자유선택, ,벤처기술개론2 / 0AST0004 / 2 / 3.0 / 변태욱 / 목5~7 / 자유선택 / 
디자인씽킹,0AST0009,2,3.0,이영철,"화2~3, 화13",자유선택, ,"디자인씽킹 / 0AST0009 / 2 / 3.0 / 이영철 / 화2~3, 화13 / 자유선택 / "
4차산업혁명과지식재산의이해,0AST0010,2,3.0,이영철,"화5~6, 화14",자유선택, ,"4차산업혁명과지식재산의이해 / 0AST0010 / 2 / 3.0 / 이영철 / 화5~6, 화14 / 자유선택 / "
예술의역사에서배우는창조정신,0AST0012,2,2.0,정영기,목3~4,자유선택, ,예술의역사에서배우는창조정신 / 0AST0012 / 2 / 2.0 / 정영기 / 목3~4 / 자유선택 / 
대학생을위한실용금융,0AST0035,2,3.0,박남태,"월2~3, 토9",자유선택, ,"대학생을위한실용금융 / 0AST0035 / 2 / 3.0 / 박남태 / 월2~3, 토9 / 자유선택 / "
인터넷쇼핑몰의창업과경영,0AST0051,2,3.0,이상원,수2~4,자유선택, ,인터넷쇼핑몰의창업과경영 / 0AST0051 / 2 / 3.0 / 이상원 / 수2~4 / 자유선택 / 
문제해결과인공지능,0AST0080,2,3.0,김경록,"화1~2, 화13",자유선택, ,"문제해결과인공지능 / 0AST0080 / 2 / 3.0 / 김경록 / 화1~2, 화13 / 자유선택 / "
 , , , , , , , , /  /  /  /  /  /  / 
 , , , , , , , , /  /  /  /  /  /  / 
